{
  "exp_id": "FE-07",
  "priority": "P2",
  "description": "a500 with d_embed=128",
  "tier": "a500",
  "num_features": 500,
  "d_embed": 128,
  "architecture": {
    "d_model": 128,
    "n_layers": 4,
    "n_heads": 8,
    "d_ff": 512,
    "context_length": 80,
    "patch_length": 16,
    "stride": 8
  },
  "hyperparameters": {
    "dropout": 0.5,
    "learning_rate": 0.0001,
    "batch_size": 128,
    "epochs": 50,
    "use_revin": true
  },
  "parameters": {
    "estimated": 1123585,
    "actual": 1125235
  },
  "splits": {
    "train": 7159,
    "val": 422,
    "test": 156
  },
  "training": {
    "train_loss": 0.3762827494314739,
    "val_loss": 0.6740946546196938,
    "val_auc": 0.6686568299361121,
    "stopped_early": true,
    "training_time_min": 0.4891316493352254
  },
  "val_metrics": {
    "precision": 0.36666666666666664,
    "recall": 0.14473684210526316,
    "auc": 0.6686568299361121,
    "accuracy": 0.8009478672985783,
    "f1": 0.20754716981132076,
    "pred_min": 7.176159124355763e-05,
    "pred_max": 0.9626777172088623,
    "pred_mean": 0.08993478119373322,
    "pred_std": 0.19752678275108337,
    "pred_range": 0.9626059532165527,
    "n_positive_preds": 30,
    "n_samples": 422,
    "class_balance": 0.18009479343891144,
    "positive_rate": 0.18009478672985782
  },
  "timestamp": "2026-02-07T00:47:14.257704"
}