{
  "exp_id": "LF-48",
  "priority": "LF-P6",
  "description": "a200 FE-04 + LabelSmoothing e=0.10",
  "tier": "a200",
  "num_features": 206,
  "d_embed": 64,
  "architecture": {
    "d_model": 128,
    "n_layers": 4,
    "n_heads": 8,
    "d_ff": 512,
    "context_length": 80,
    "patch_length": 16,
    "stride": 8
  },
  "hyperparameters": {
    "dropout": 0.5,
    "learning_rate": 0.0001,
    "batch_size": 128,
    "epochs": 50,
    "use_revin": true
  },
  "loss_function": {
    "loss_fn": "labelsmoothing",
    "loss_params": {
      "epsilon": 0.1
    },
    "early_stopping_metric": "val_loss"
  },
  "parameters": {
    "estimated": 941505,
    "actual": 942247
  },
  "splits": {
    "train": 7159,
    "val": 422,
    "test": 156
  },
  "training": {
    "train_loss": 0.5571261782731328,
    "val_loss": 0.6073793321847916,
    "val_auc": 0.7226954669911774,
    "stopped_early": true,
    "training_time_min": 0.3491777698198954
  },
  "val_metrics": {
    "precision": 0.6,
    "recall": 0.07894736842105263,
    "auc": 0.7226954669911774,
    "accuracy": 0.8246445497630331,
    "f1": 0.13953488372093023,
    "pred_min": 0.016035811975598335,
    "pred_max": 0.6778029203414917,
    "pred_mean": 0.12151820957660675,
    "pred_std": 0.12436025589704514,
    "pred_range": 0.6617671251296997,
    "n_positive_preds": 10,
    "n_samples": 422,
    "class_balance": 0.18009479343891144,
    "positive_rate": 0.18009478672985782
  },
  "timestamp": "2026-02-07T18:02:44.934004"
}