{
  "experiment": "s1_07_2m_h3",
  "phase": "6C",
  "stage": "S1",
  "budget": "2M",
  "horizon": 3,
  "feature_tier": "a100",
  "num_features": 100,
  "architecture": {
    "d_model": 64,
    "n_layers": 4,
    "n_heads": 4,
    "d_ff": 256
  },
  "hyperparameters": {
    "dropout": 0.5,
    "learning_rate": 0.0001,
    "context_length": 80,
    "batch_size": 128,
    "epochs": 50,
    "use_revin": true
  },
  "splits": {
    "train": 7202,
    "val": 420,
    "test": 154
  },
  "training": {
    "train_loss": 0.610994507346237,
    "val_loss": 0.6921268999576569,
    "val_auc": 0.6083295194508009,
    "stopped_early": true,
    "training_time_min": 0.2308408498764038
  },
  "val_metrics": {
    "auc": 0.6083295194508009,
    "accuracy": 0.5880952380952381,
    "precision": 0.5562913907284768,
    "recall": 0.4421052631578947,
    "f1": 0.49266862170087977,
    "pred_min": 0.05530835688114166,
    "pred_max": 0.971794068813324,
    "pred_mean": 0.4263552129268646,
    "pred_std": 0.2524165213108063,
    "n_positive_preds": 151,
    "n_samples": 420,
    "class_balance": 0.4523809552192688
  },
  "timestamp": "2026-01-25T16:19:46.618479"
}