{
  "auc": 0.5119997037110195,
  "accuracy": 0.5059760956175299,
  "precision": 0.21839080459770116,
  "recall": 0.5643564356435643,
  "f1": 0.3149171270718232,
  "n_positive_preds": 261,
  "n_samples": 502,
  "class_balance": 0.20119521912350596,
  "pred_min": 2.974226481455844e-05,
  "pred_max": 0.9999713897705078,
  "pred_mean": 0.5167120099067688,
  "pred_std": 0.4731728136539459,
  "mse": 0.48999587553847257,
  "mae": 0.5182207193272836,
  "direction_accuracy": 0.49203187250996017,
  "context_length": 120,
  "model_type": "informer",
  "training_time_min": 16.391372815767923,
  "best_params": {
    "hidden_size": 256,
    "learning_rate": 0.0001,
    "max_steps": 1000,
    "dropout": 0.4,
    "n_layers": 2,
    "n_heads": 2,
    "batch_size": 16,
    "focal_gamma": 0.5,
    "focal_alpha": 0.9
  },
  "baseline_comparison": {
    "baseline_auc": 0.718,
    "model_auc": 0.5119997037110195,
    "improvement_pct": -28.690849065317607,
    "meets_threshold": false,
    "beats_baseline": false
  },
  "timestamp": "2026-01-31T08:50:16.330540+00:00"
}