{
  "tier": "a200",
  "context_length": 90,
  "val_auc": 0.6752126607319485,
  "val_precision": 0.3333333333333333,
  "val_recall": 0.013333333333333334,
  "architecture": {
    "d_model": 64,
    "n_layers": 4,
    "n_heads": 8,
    "d_ff_ratio": 4,
    "dropout": 0.7,
    "learning_rate": 0.0001,
    "weight_decay": 0.0
  },
  "batch_size": 128,
  "epochs": 50,
  "training_time_min": 0.5274176677068074,
  "train_samples": 7149,
  "val_samples": 412,
  "timestamp": "2026-01-31T10:38:33.383694"
}