{
  "exp_id": "FE-03",
  "priority": "P1",
  "description": "a200 baseline (no embedding)",
  "tier": "a200",
  "num_features": 206,
  "d_embed": null,
  "architecture": {
    "d_model": 128,
    "n_layers": 4,
    "n_heads": 8,
    "d_ff": 512,
    "context_length": 80,
    "patch_length": 16,
    "stride": 8
  },
  "hyperparameters": {
    "dropout": 0.5,
    "learning_rate": 0.0001,
    "batch_size": 128,
    "epochs": 50,
    "use_revin": true
  },
  "parameters": {
    "estimated": 1218945,
    "actual": 1229607
  },
  "splits": {
    "train": 7159,
    "val": 422,
    "test": 156
  },
  "training": {
    "train_loss": 0.37691026074545725,
    "val_loss": 0.6959639936685562,
    "val_auc": 0.671014602981442,
    "stopped_early": true,
    "training_time_min": 0.3024163325627645
  },
  "val_metrics": {
    "precision": 0.34782608695652173,
    "recall": 0.10526315789473684,
    "auc": 0.671014602981442,
    "accuracy": 0.8033175355450237,
    "f1": 0.16161616161616163,
    "pred_min": 0.00014371615543495864,
    "pred_max": 0.9155176281929016,
    "pred_mean": 0.07403299957513809,
    "pred_std": 0.1723855584859848,
    "pred_range": 0.9153739213943481,
    "n_positive_preds": 23,
    "n_samples": 422,
    "class_balance": 0.18009479343891144,
    "positive_rate": 0.18009478672985782
  },
  "timestamp": "2026-02-07T00:15:28.781668"
}