{
  "experiment": "h5_d64_L32_h2_drop010",
  "horizon": 5,
  "architecture": {
    "d_model": 64,
    "n_layers": 32,
    "n_heads": 2,
    "d_ff": 256,
    "dropout": 0.1
  },
  "training": {
    "learning_rate": 0.001,
    "batch_size": 256,
    "epochs": 50
  },
  "results": {
    "train_loss": 0.6685902756803176,
    "val_loss": 0.7815176844596863,
    "stopped_early": false,
    "stop_reason": null
  },
  "runtime_seconds": 64.60614013671875,
  "timestamp": "2025-12-31T10:30:20.946967"
}