{
  "experiment": "s1_08_20m_h3",
  "phase": "6C",
  "stage": "S1",
  "budget": "20M",
  "horizon": 3,
  "feature_tier": "a100",
  "num_features": 100,
  "architecture": {
    "d_model": 128,
    "n_layers": 6,
    "n_heads": 8,
    "d_ff": 512
  },
  "hyperparameters": {
    "dropout": 0.5,
    "learning_rate": 0.0001,
    "context_length": 80,
    "batch_size": 64,
    "epochs": 50,
    "use_revin": true
  },
  "splits": {
    "train": 7202,
    "val": 420,
    "test": 154
  },
  "training": {
    "train_loss": 0.6079943617888256,
    "val_loss": 0.7352806968348367,
    "val_auc": 0.597345537757437,
    "stopped_early": true,
    "training_time_min": 0.376720396677653
  },
  "val_metrics": {
    "auc": 0.597345537757437,
    "accuracy": 0.5928571428571429,
    "precision": 0.5683453237410072,
    "recall": 0.41578947368421054,
    "f1": 0.48024316109422494,
    "pred_min": 0.047889407724142075,
    "pred_max": 0.9573048949241638,
    "pred_mean": 0.3907737135887146,
    "pred_std": 0.23253022134304047,
    "n_positive_preds": 139,
    "n_samples": 420,
    "class_balance": 0.4523809552192688
  },
  "timestamp": "2026-01-25T16:20:41.443310"
}