{
  "exp_id": "FE-26",
  "priority": "P5",
  "description": "a200 match embed to model: d=512",
  "tier": "a200",
  "num_features": 206,
  "d_embed": 128,
  "architecture": {
    "d_model": 128,
    "n_layers": 4,
    "n_heads": 8,
    "d_ff": 512,
    "context_length": 80,
    "patch_length": 16,
    "stride": 8
  },
  "hyperparameters": {
    "dropout": 0.5,
    "learning_rate": 0.0001,
    "batch_size": 128,
    "epochs": 50,
    "use_revin": true
  },
  "parameters": {
    "estimated": 13700737,
    "actual": 13701799
  },
  "splits": {
    "train": 7159,
    "val": 422,
    "test": 156
  },
  "training": {
    "train_loss": 0.4165532024843352,
    "val_loss": 0.6689760386943817,
    "val_auc": 0.7104122299969577,
    "stopped_early": true,
    "training_time_min": 0.48498455286026
  },
  "val_metrics": {
    "precision": 0.6,
    "recall": 0.15789473684210525,
    "auc": 0.7104122299969577,
    "accuracy": 0.8293838862559242,
    "f1": 0.25,
    "pred_min": 5.696437801816501e-05,
    "pred_max": 0.971532940864563,
    "pred_mean": 0.06736069917678833,
    "pred_std": 0.1662508100271225,
    "pred_range": 0.9714759588241577,
    "n_positive_preds": 20,
    "n_samples": 422,
    "class_balance": 0.18009479343891144,
    "positive_rate": 0.18009478672985782
  },
  "timestamp": "2026-02-07T08:49:57.381713"
}