{
  "experiment_name": "20M_wide_h8_threshold_05pct_HIGH",
  "task": "threshold_0.5pct",
  "threshold": 0.005,
  "target_type": "HIGH-based (correct)",
  "context_length": 80,
  "architecture": {
    "d_model": 512,
    "n_layers": 6,
    "n_heads": 8,
    "d_ff": 2048,
    "dropout": 0.5,
    "use_revin": true
  },
  "training": {
    "learning_rate": 0.0001,
    "batch_size": 32,
    "epochs_requested": 50,
    "epochs_completed": 50,
    "stopped_early": true
  },
  "class_balance": {
    "train_positive_pct": 50.55808185200497,
    "val_positive_pct": 45.26066350710901,
    "test_positive_pct": 45.30386740331492
  },
  "val_metrics": {
    "auc": 0.6039301013123003,
    "loss": 0.6801060906478337
  },
  "test_metrics": {
    "accuracy": 0.6077348066298343,
    "precision": 0.6486486486486487,
    "recall": 0.2926829268292683,
    "f1": 0.40336134453781514,
    "auc_roc": 0.7000492732200049
  },
  "prediction_distribution": {
    "min": 0.20453007519245148,
    "max": 0.7494553923606873,
    "spread": 0.544925332069397,
    "std": 0.11476461589336395
  },
  "splits": {
    "train_samples": 7257,
    "val_samples": 422,
    "test_samples": 181
  },
  "training_time_minutes": 0.9482621510823568,
  "timestamp": "2026-01-21T12:26:20.529078"
}