{
  "exp_id": "LF-70",
  "priority": "LF-P11",
  "description": "a500 FE-50 + CalibratedFocal g=1.0",
  "tier": "a500",
  "num_features": 500,
  "d_embed": 16,
  "architecture": {
    "d_model": 64,
    "n_layers": 4,
    "n_heads": 4,
    "d_ff": 256,
    "context_length": 80,
    "patch_length": 16,
    "stride": 8
  },
  "hyperparameters": {
    "dropout": 0.5,
    "learning_rate": 0.0001,
    "batch_size": 128,
    "epochs": 50,
    "use_revin": true
  },
  "loss_function": {
    "loss_fn": "calibratedfocal",
    "loss_params": {
      "gamma": 1.0,
      "alpha": 0.25,
      "lambda_cal": 0.1
    },
    "early_stopping_metric": "val_loss"
  },
  "parameters": {
    "estimated": 226353,
    "actual": 227443
  },
  "splits": {
    "train": 7159,
    "val": 422,
    "test": 156
  },
  "training": {
    "train_loss": 0.08900849228458745,
    "val_loss": 0.0868842164054513,
    "val_auc": 0.72535746881655,
    "stopped_early": true,
    "training_time_min": 1.006483801205953
  },
  "val_metrics": {
    "precision": 0.0,
    "recall": 0.0,
    "auc": 0.72535746881655,
    "accuracy": 0.8199052132701422,
    "f1": 0.0,
    "pred_min": 0.02716735191643238,
    "pred_max": 0.3750050663948059,
    "pred_mean": 0.10136650502681732,
    "pred_std": 0.07154787331819534,
    "pred_range": 0.3478377163410187,
    "n_positive_preds": 0,
    "n_samples": 422,
    "class_balance": 0.18009479343891144,
    "positive_rate": 0.18009478672985782
  },
  "timestamp": "2026-02-07T22:23:06.407923"
}