{
  "exp_id": "AE-16",
  "priority": "AE-P4",
  "description": "a500 FE-50 + GatedResidual h=64",
  "tier": "a500",
  "num_features": 500,
  "d_embed": 16,
  "architecture": {
    "d_model": 64,
    "n_layers": 4,
    "n_heads": 4,
    "d_ff": 256,
    "context_length": 80,
    "patch_length": 16,
    "stride": 8
  },
  "hyperparameters": {
    "dropout": 0.5,
    "learning_rate": 0.0001,
    "batch_size": 128,
    "epochs": 50,
    "use_revin": true
  },
  "loss_function": {
    "loss_fn": null,
    "loss_params": null,
    "early_stopping_metric": "val_auc"
  },
  "parameters": {
    "estimated": 226353,
    "actual": 261497
  },
  "splits": {
    "train": 7159,
    "val": 422,
    "test": 156
  },
  "training": {
    "train_loss": 0.4950787419719355,
    "val_loss": 0.43692219629883766,
    "val_auc": 0.6840203833282629,
    "stopped_early": false,
    "training_time_min": 1.1336783528327943
  },
  "val_metrics": {
    "precision": 0.5,
    "recall": 0.02631578947368421,
    "auc": 0.6840203833282629,
    "accuracy": 0.8199052132701422,
    "f1": 0.05,
    "pred_min": 0.010910321027040482,
    "pred_max": 0.5676018595695496,
    "pred_mean": 0.11112046241760254,
    "pred_std": 0.12444116920232773,
    "pred_range": 0.5566915273666382,
    "n_positive_preds": 4,
    "n_samples": 422,
    "class_balance": 0.18009479343891144,
    "positive_rate": 0.18009478672985782
  },
  "timestamp": "2026-02-08T09:25:43.401917"
}