{
  "experiment": "s1_01_2m_h1",
  "phase": "6C",
  "stage": "S1",
  "budget": "2M",
  "horizon": 1,
  "feature_tier": "a100",
  "num_features": 100,
  "architecture": {
    "d_model": 64,
    "n_layers": 4,
    "n_heads": 4,
    "d_ff": 256
  },
  "hyperparameters": {
    "dropout": 0.5,
    "learning_rate": 0.0001,
    "context_length": 80,
    "batch_size": 128,
    "epochs": 50,
    "use_revin": true
  },
  "splits": {
    "train": 7204,
    "val": 422,
    "test": 156
  },
  "training": {
    "train_loss": 0.4614259062106149,
    "val_loss": 0.4694403037428856,
    "val_auc": 0.704936111956191,
    "stopped_early": true,
    "training_time_min": 0.3848970651626587
  },
  "val_metrics": {
    "auc": 0.704936111956191,
    "accuracy": 0.8222748815165877,
    "precision": 0.5384615384615384,
    "recall": 0.09210526315789473,
    "f1": 0.15730337078651685,
    "pred_min": 0.004442924167960882,
    "pred_max": 0.7983668446540833,
    "pred_mean": 0.09938518702983856,
    "pred_std": 0.14846362173557281,
    "n_positive_preds": 13,
    "n_samples": 422,
    "class_balance": 0.18009479343891144
  },
  "timestamp": "2026-01-25T16:12:38.831534"
}