{
  "experiment": "s2_horizon_200m_h2_a50",
  "phase": "6C",
  "stage": "S2",
  "track": "T1_horizon",
  "budget": "200M",
  "horizon": 2,
  "feature_tier": "a50",
  "num_features": 50,
  "architecture": {
    "d_model": 256,
    "n_layers": 8,
    "n_heads": 8,
    "d_ff": 1024
  },
  "hyperparameters": {
    "dropout": 0.5,
    "learning_rate": 0.0001,
    "context_length": 80,
    "batch_size": 128,
    "epochs": 50,
    "use_revin": true
  },
  "splits": {
    "train": 7203,
    "val": 421,
    "test": 155
  },
  "training": {
    "train_loss": 0.5892552294229206,
    "val_loss": 0.6525565385818481,
    "val_auc": 0.6408308004052685,
    "stopped_early": true,
    "training_time_min": 0.4168569803237915
  },
  "val_metrics": {
    "auc": 0.6408308004052685,
    "accuracy": 0.6959619952494062,
    "precision": 0.6181818181818182,
    "recall": 0.24113475177304963,
    "f1": 0.3469387755102041,
    "pred_min": 0.011491458863019943,
    "pred_max": 0.8825398087501526,
    "pred_mean": 0.2277337610721588,
    "pred_std": 0.20829170942306519,
    "n_positive_preds": 55,
    "n_samples": 421,
    "class_balance": 0.3349168598651886
  },
  "baseline_auc": 0.635,
  "timestamp": "2026-01-24T16:58:28.312707"
}