{
  "tier": "a50",
  "context_length": 90,
  "val_auc": 0.663461918892186,
  "val_precision": 0.47368421052631576,
  "val_recall": 0.12,
  "architecture": {
    "d_model": 128,
    "n_layers": 6,
    "n_heads": 8,
    "d_ff_ratio": 4,
    "dropout": 0.3,
    "learning_rate": 0.0001,
    "weight_decay": 0.0001
  },
  "batch_size": 64,
  "epochs": 50,
  "training_time_min": 1.264044503370921,
  "train_samples": 7194,
  "val_samples": 412,
  "timestamp": "2026-01-31T08:14:36.027426"
}