config_name,val_auc,val_precision,val_recall,pred_min,pred_max,epochs_run,duration_sec,d_model,n_layers,n_heads,d_ff_ratio,dropout,learning_rate,weight_decay
FL02,0.7096516580468513,0.3656716417910448,0.6447368421052632,0.024111300706863403,0.9683997631072998,50,19.99474000930786,64,4,8,2,0.6,0.0005,0.001
FL04,0.707864313964101,0.39814814814814814,0.5657894736842105,0.017952123656868935,0.9493581056594849,50,21.77052903175354,64,4,8,2,0.7,0.0003,0.001
FL05,0.7055825981137815,0.35344827586206895,0.5394736842105263,0.03942514583468437,0.9436272978782654,50,24.02689504623413,64,4,8,2,0.7,0.0005,0.002
FL01,0.7033769394584728,0.368,0.6052631578947368,0.018112296238541603,0.972944438457489,50,25.281991243362427,64,4,8,2,0.7,0.0005,0.001
FL03,0.7031867964709462,0.366412213740458,0.631578947368421,0.018895599991083145,0.9593511819839478,50,20.006936073303223,64,4,8,2,0.5,0.0005,0.001
