{
  "tier": "a200",
  "context_length": 80,
  "val_auc": 0.7301871006997264,
  "val_precision": 0.4,
  "val_recall": 0.05263157894736842,
  "architecture": {
    "d_model": 64,
    "n_layers": 4,
    "n_heads": 8,
    "d_ff_ratio": 4,
    "dropout": 0.7,
    "learning_rate": 0.0001,
    "weight_decay": 0.0
  },
  "batch_size": 128,
  "epochs": 50,
  "training_time_min": 0.4640985369682312,
  "train_samples": 7159,
  "val_samples": 422,
  "timestamp": "2026-01-31T10:38:01.678037"
}