{
  "exp_id": "FE-67",
  "priority": "P10",
  "description": "a50 d_embed=32",
  "tier": "a50",
  "num_features": 50,
  "d_embed": 32,
  "architecture": {
    "d_model": 128,
    "n_layers": 4,
    "n_heads": 8,
    "d_ff": 512,
    "context_length": 80,
    "patch_length": 16,
    "stride": 8
  },
  "hyperparameters": {
    "dropout": 0.5,
    "learning_rate": 0.0001,
    "batch_size": 128,
    "epochs": 50,
    "use_revin": true
  },
  "loss_function": {
    "loss_fn": null,
    "loss_params": null,
    "early_stopping_metric": "val_auc"
  },
  "parameters": {
    "estimated": 864289,
    "actual": 864559
  },
  "splits": {
    "train": 7204,
    "val": 422,
    "test": 156
  },
  "training": {
    "train_loss": 0.48910577987369735,
    "val_loss": 0.43404127284884453,
    "val_auc": 0.7291983571645877,
    "stopped_early": false,
    "training_time_min": 0.4912705302238464
  },
  "val_metrics": {
    "precision": 0.3,
    "recall": 0.039473684210526314,
    "auc": 0.7291983571645877,
    "accuracy": 0.8104265402843602,
    "f1": 0.06976744186046512,
    "pred_min": 0.0070166075602173805,
    "pred_max": 0.6524657011032104,
    "pred_mean": 0.09874802082777023,
    "pred_std": 0.13335362076759338,
    "pred_range": 0.6454491019248962,
    "n_positive_preds": 10,
    "n_samples": 422,
    "class_balance": 0.18009479343891144,
    "positive_rate": 0.18009478672985782
  },
  "timestamp": "2026-02-07T12:01:00.304862"
}