{
  "experiment_name": "20M_wide_h4_threshold_05pct_HIGH",
  "task": "threshold_0.5pct",
  "threshold": 0.005,
  "target_type": "HIGH-based (correct)",
  "context_length": 80,
  "architecture": {
    "d_model": 512,
    "n_layers": 6,
    "n_heads": 4,
    "d_ff": 2048,
    "dropout": 0.5,
    "use_revin": true
  },
  "training": {
    "learning_rate": 0.0001,
    "batch_size": 32,
    "epochs_requested": 50,
    "epochs_completed": 50,
    "stopped_early": true
  },
  "class_balance": {
    "train_positive_pct": 50.55808185200497,
    "val_positive_pct": 45.26066350710901,
    "test_positive_pct": 45.30386740331492
  },
  "val_metrics": {
    "auc": 0.6063099204460461,
    "loss": 0.6960009379046304
  },
  "test_metrics": {
    "accuracy": 0.6464088397790055,
    "precision": 0.6875,
    "recall": 0.4024390243902439,
    "f1": 0.5076923076923077,
    "auc_roc": 0.6901946292190196
  },
  "prediction_distribution": {
    "min": 0.16204550862312317,
    "max": 0.8666967749595642,
    "spread": 0.7046512365341187,
    "std": 0.14958743751049042
  },
  "splits": {
    "train_samples": 7257,
    "val_samples": 422,
    "test_samples": 181
  },
  "training_time_minutes": 1.320461348692576,
  "timestamp": "2026-01-21T12:27:42.008690"
}