{
  "experiment": "hpo_2m_1_a100",
  "budget": "2M",
  "horizon": 1,
  "tier": "a100",
  "n_trials": 50,
  "best_trial": 37,
  "best_value": 0.7152038332826285,
  "best_params": {
    "d_model": 320,
    "n_layers": 12,
    "n_heads": 8,
    "d_ff_ratio": 2,
    "learning_rate": 1e-05,
    "dropout": 0.5,
    "weight_decay": 1e-05
  },
  "best_user_attrs": {
    "duration_sec": 238.80865001678467,
    "epochs_run": 50,
    "forced_extreme": false,
    "val_auc": 0.7152038332826285
  },
  "search_space": {
    "d_model": [
      128,
      192,
      256,
      320,
      384
    ],
    "n_layers": [
      6,
      8,
      10,
      12
    ],
    "n_heads": [
      8,
      16
    ],
    "d_ff_ratio": [
      2,
      4
    ],
    "learning_rate": [
      1e-05,
      5e-05,
      0.0001,
      0.0005
    ],
    "dropout": [
      0.1,
      0.3,
      0.5,
      0.7
    ],
    "weight_decay": [
      0.0,
      1e-05,
      0.0001,
      0.001
    ]
  },
  "timestamp": "2026-01-26T18:20:08.478431"
}