{
  "experiment": "s2_train_20m_h1_drop07",
  "phase": "6C",
  "stage": "S2",
  "track": "T3_train",
  "budget": "20M",
  "horizon": 1,
  "feature_tier": "a50",
  "num_features": 50,
  "architecture": {
    "d_model": 128,
    "n_layers": 6,
    "n_heads": 8,
    "d_ff": 512
  },
  "train_change": "dropout_0.7",
  "hyperparameters": {
    "dropout": 0.7,
    "learning_rate": 0.0001,
    "context_length": 80,
    "batch_size": 128,
    "epochs": 50,
    "use_revin": true
  },
  "splits": {
    "train": 7204,
    "val": 422,
    "test": 156
  },
  "training": {
    "train_loss": 0.4931914801137489,
    "val_loss": 0.5038117133080959,
    "val_auc": 0.7162686340127775,
    "stopped_early": true,
    "training_time_min": 0.5378633340199789
  },
  "val_metrics": {
    "auc": 0.7162686340127775,
    "accuracy": 0.8175355450236966,
    "precision": 0.46153846153846156,
    "recall": 0.07894736842105263,
    "f1": 0.1348314606741573,
    "pred_min": 0.005940576549619436,
    "pred_max": 0.7111864686012268,
    "pred_mean": 0.07826528698205948,
    "pred_std": 0.14039246737957,
    "n_positive_preds": 13,
    "n_samples": 422,
    "class_balance": 0.18009479343891144
  },
  "baseline_auc": 0.722,
  "timestamp": "2026-01-24T17:02:25.878846"
}