{
  "auc": 0.556973901878966,
  "accuracy": 0.5856573705179283,
  "precision": 0.24154589371980675,
  "recall": 0.49504950495049505,
  "f1": 0.3246753246753247,
  "n_positive_preds": 207,
  "n_samples": 502,
  "class_balance": 0.20119521912350596,
  "pred_min": 7.40917821531184e-05,
  "pred_max": 0.9999603033065796,
  "pred_mean": 0.4181985557079315,
  "pred_std": 0.45515668392181396,
  "mse": 0.38114550689941945,
  "mae": 0.41940527588803844,
  "direction_accuracy": 0.4721115537848606,
  "context_length": 220,
  "model_type": "informer",
  "training_time_min": 27.23738048473994,
  "best_params": {
    "hidden_size": 256,
    "learning_rate": 0.0001,
    "max_steps": 1000,
    "dropout": 0.4,
    "n_layers": 2,
    "n_heads": 2,
    "batch_size": 16,
    "focal_gamma": 0.5,
    "focal_alpha": 0.9
  },
  "baseline_comparison": {
    "baseline_auc": 0.718,
    "model_auc": 0.556973901878966,
    "improvement_pct": -22.42703316448941,
    "meets_threshold": false,
    "beats_baseline": false
  },
  "timestamp": "2026-01-31T09:41:01.632526+00:00"
}