{
  "auc": 0.5522332781906619,
  "accuracy": 0.21713147410358566,
  "precision": 0.20204081632653062,
  "recall": 0.9801980198019802,
  "f1": 0.3350253807106599,
  "n_positive_preds": 490,
  "n_samples": 502,
  "class_balance": 0.20119521912350596,
  "pred_min": 0.3882412016391754,
  "pred_max": 0.8694047927856445,
  "pred_mean": 0.7636271119117737,
  "pred_std": 0.0793878510594368,
  "mse": 0.5880303323454253,
  "mae": 0.7626848443121141,
  "direction_accuracy": 0.5737051792828686,
  "context_length": 60,
  "model_type": "itransformer",
  "training_time_min": 2.1703936139742535,
  "best_params": {
    "hidden_size": 32,
    "learning_rate": 1e-05,
    "max_steps": 3000,
    "dropout": 0.4,
    "n_layers": 6,
    "n_heads": 4,
    "batch_size": 32,
    "focal_gamma": 0.5,
    "focal_alpha": 0.9
  },
  "baseline_comparison": {
    "baseline_auc": 0.718,
    "model_auc": 0.5522332781906619,
    "improvement_pct": -23.087287160074936,
    "meets_threshold": false,
    "beats_baseline": false
  },
  "timestamp": "2026-01-31T08:05:22.451810+00:00"
}