{
  "experiment": "s2_arch_200m_h1_heads16",
  "phase": "6C",
  "stage": "S2",
  "track": "T2_arch",
  "budget": "200M",
  "horizon": 1,
  "feature_tier": "a50",
  "num_features": 50,
  "architecture": {
    "d_model": 256,
    "n_layers": 8,
    "n_heads": 16,
    "d_ff": 1024
  },
  "arch_change": "heads16",
  "hyperparameters": {
    "dropout": 0.5,
    "learning_rate": 0.0001,
    "context_length": 80,
    "batch_size": 128,
    "epochs": 50,
    "use_revin": true
  },
  "splits": {
    "train": 7204,
    "val": 422,
    "test": 156
  },
  "training": {
    "train_loss": 0.48783968990309196,
    "val_loss": 0.4126206934452057,
    "val_auc": 0.7049741405536964,
    "stopped_early": true,
    "training_time_min": 0.38224730094273884
  },
  "val_metrics": {
    "auc": 0.7049741405536964,
    "accuracy": 0.8056872037914692,
    "precision": 0.42105263157894735,
    "recall": 0.21052631578947367,
    "f1": 0.2807017543859649,
    "pred_min": 0.00877657812088728,
    "pred_max": 0.9116354584693909,
    "pred_mean": 0.15417905151844025,
    "pred_std": 0.1867944300174713,
    "n_positive_preds": 38,
    "n_samples": 422,
    "class_balance": 0.18009479343891144
  },
  "baseline_auc": 0.699,
  "timestamp": "2026-01-24T17:00:22.077197"
}