{
  "experiment": "s2_train_200m_h1_wd1e4",
  "phase": "6C",
  "stage": "S2",
  "track": "T3_train",
  "budget": "200M",
  "horizon": 1,
  "feature_tier": "a50",
  "num_features": 50,
  "architecture": {
    "d_model": 256,
    "n_layers": 8,
    "n_heads": 8,
    "d_ff": 1024
  },
  "train_change": "wd_1e-4",
  "hyperparameters": {
    "dropout": 0.5,
    "learning_rate": 0.0001,
    "weight_decay": 0.0001,
    "context_length": 80,
    "batch_size": 128,
    "epochs": 50,
    "use_revin": true
  },
  "splits": {
    "train": 7204,
    "val": 422,
    "test": 156
  },
  "training": {
    "train_loss": 0.4743627346398538,
    "val_loss": 0.43404317647218704,
    "val_auc": 0.7049361119561911,
    "stopped_early": true,
    "training_time_min": 0.4965096314748128
  },
  "val_metrics": {
    "auc": 0.7049361119561911,
    "accuracy": 0.8175355450236966,
    "precision": 0.4857142857142857,
    "recall": 0.2236842105263158,
    "f1": 0.3063063063063063,
    "pred_min": 0.0055217077024281025,
    "pred_max": 0.8917548060417175,
    "pred_mean": 0.1360589563846588,
    "pred_std": 0.19014059007167816,
    "n_positive_preds": 35,
    "n_samples": 422,
    "class_balance": 0.18009479343891144
  },
  "baseline_auc": 0.699,
  "timestamp": "2026-01-24T17:04:51.344211"
}