{
  "experiment": "s1_04_2m_h2",
  "phase": "6C",
  "stage": "S1",
  "budget": "2M",
  "horizon": 2,
  "feature_tier": "a100",
  "num_features": 100,
  "architecture": {
    "d_model": 64,
    "n_layers": 4,
    "n_heads": 4,
    "d_ff": 256
  },
  "hyperparameters": {
    "dropout": 0.5,
    "learning_rate": 0.0001,
    "context_length": 80,
    "batch_size": 128,
    "epochs": 50,
    "use_revin": true
  },
  "splits": {
    "train": 7203,
    "val": 421,
    "test": 155
  },
  "training": {
    "train_loss": 0.580490910170371,
    "val_loss": 0.6636960357427597,
    "val_auc": 0.6243667679837892,
    "stopped_early": true,
    "training_time_min": 0.26058690150578817
  },
  "val_metrics": {
    "auc": 0.6243667679837892,
    "accuracy": 0.672209026128266,
    "precision": 0.52,
    "recall": 0.2765957446808511,
    "f1": 0.3611111111111111,
    "pred_min": 0.015759430825710297,
    "pred_max": 0.8968407511711121,
    "pred_mean": 0.2521788775920868,
    "pred_std": 0.2288486659526825,
    "n_positive_preds": 75,
    "n_samples": 421,
    "class_balance": 0.3349168598651886
  },
  "timestamp": "2026-01-25T16:16:09.501198"
}