{
  "experiment": "backtest_optimal_models",
  "description": "n_heads ablation on 20M_wide with 2025 backtest",
  "fixed_params": {
    "d_model": 512,
    "n_layers": 6,
    "d_ff": 2048,
    "dropout": 0.5,
    "learning_rate": 0.0001,
    "context_length": 80,
    "threshold": 0.01
  },
  "results": [
    {
      "config_name": "20M_h8",
      "n_heads": 8,
      "d_model": 512,
      "n_layers": 6,
      "dropout": 0.5,
      "n_params": 19134977,
      "train_samples": 7257,
      "val_samples": 422,
      "test_samples": 181,
      "best_val_auc": 0.7169151201703681,
      "best_epoch": 42,
      "total_epochs": 50,
      "training_time_min": 3.643205682436625,
      "test_accuracy": 0.8674033149171271,
      "test_precision": 0.0,
      "test_recall": 0.0,
      "test_f1": 0.0,
      "test_auc_roc": 0.8274946921443738,
      "pred_min": 0.18104571104049683,
      "pred_max": 0.4282412528991699,
      "pred_mean": 0.26640141010284424,
      "pred_std": 0.05168059095740318,
      "target_positive_rate": 0.1325966864824295
    },
    {
      "config_name": "20M_h4",
      "n_heads": 4,
      "d_model": 512,
      "n_layers": 6,
      "dropout": 0.5,
      "n_params": 19134977,
      "train_samples": 7257,
      "val_samples": 422,
      "test_samples": 181,
      "best_val_auc": 0.7072178278065105,
      "best_epoch": 8,
      "total_epochs": 18,
      "training_time_min": 1.3015662670135497,
      "test_accuracy": 0.8674033149171271,
      "test_precision": 0.0,
      "test_recall": 0.0,
      "test_f1": 0.0,
      "test_auc_roc": 0.8686305732484076,
      "pred_min": 0.19316935539245605,
      "pred_max": 0.3432655930519104,
      "pred_mean": 0.24917978048324585,
      "pred_std": 0.03263739123940468,
      "target_positive_rate": 0.1325966864824295
    },
    {
      "config_name": "20M_h2",
      "n_heads": 2,
      "d_model": 512,
      "n_layers": 6,
      "dropout": 0.5,
      "n_params": 19134977,
      "train_samples": 7257,
      "val_samples": 422,
      "test_samples": 181,
      "best_val_auc": 0.710222087009431,
      "best_epoch": 18,
      "total_epochs": 28,
      "training_time_min": 2.022679082552592,
      "test_accuracy": 0.8674033149171271,
      "test_precision": 0.0,
      "test_recall": 0.0,
      "test_f1": 0.0,
      "test_auc_roc": 0.8805732484076433,
      "pred_min": 0.18877337872982025,
      "pred_max": 0.32363882660865784,
      "pred_mean": 0.2422468513250351,
      "pred_std": 0.02789636142551899,
      "target_positive_rate": 0.1325966864824295
    },
    {
      "config_name": "20M_h1",
      "n_heads": 1,
      "d_model": 512,
      "n_layers": 6,
      "dropout": 0.5,
      "n_params": 19134977,
      "train_samples": 7257,
      "val_samples": 422,
      "test_samples": 181,
      "best_val_auc": 0.7262321265591725,
      "best_epoch": 38,
      "total_epochs": 48,
      "training_time_min": 3.514244099458059,
      "test_accuracy": 0.8674033149171271,
      "test_precision": 0.0,
      "test_recall": 0.0,
      "test_f1": 0.0,
      "test_auc_roc": 0.8187367303609342,
      "pred_min": 0.22263947129249573,
      "pred_max": 0.42613500356674194,
      "pred_mean": 0.30202820897102356,
      "pred_std": 0.044642332941293716,
      "target_positive_rate": 0.1325966864824295
    }
  ],
  "timestamp": "2026-01-21T09:07:51.327683"
}