{
  "experiment": "hpo_20m_h1_a200",
  "budget": "20M",
  "horizon": 1,
  "n_trials": 50,
  "best_trial": 45,
  "best_value": 0.7328110739275936,
  "best_params": {
    "d_model": 128,
    "n_layers": 7,
    "n_heads": 4,
    "d_ff_ratio": 2,
    "learning_rate": 1e-05,
    "dropout": 0.5,
    "weight_decay": 1e-05
  },
  "search_space": {
    "d_model": [
      64,
      96,
      128,
      160,
      192
    ],
    "n_layers": [
      4,
      5,
      6,
      7,
      8
    ],
    "n_heads": [
      4,
      8
    ],
    "d_ff_ratio": [
      2,
      4
    ],
    "learning_rate": [
      1e-05,
      5e-05,
      0.0001,
      0.0005
    ],
    "dropout": [
      0.1,
      0.3,
      0.5,
      0.7
    ],
    "weight_decay": [
      0.0,
      1e-05,
      0.0001,
      0.001
    ]
  },
  "total_time_min": 35.20306269725164,
  "timestamp": "2026-01-30T16:14:39.664561"
}