{
  "exp_id": "FE-69",
  "priority": "P10",
  "description": "a20 d_embed=16 (expansion)",
  "tier": "a20",
  "num_features": 20,
  "d_embed": 16,
  "architecture": {
    "d_model": 128,
    "n_layers": 4,
    "n_heads": 8,
    "d_ff": 512,
    "context_length": 80,
    "patch_length": 16,
    "stride": 8
  },
  "hyperparameters": {
    "dropout": 0.5,
    "learning_rate": 0.0001,
    "batch_size": 128,
    "epochs": 50,
    "use_revin": true
  },
  "loss_function": {
    "loss_fn": null,
    "loss_params": null,
    "early_stopping_metric": "val_auc"
  },
  "parameters": {
    "estimated": 830193,
    "actual": 830323
  },
  "splits": {
    "train": 7257,
    "val": 422,
    "test": 181
  },
  "training": {
    "train_loss": 0.5012414042364087,
    "val_loss": 0.459900114685297,
    "val_auc": 0.7046318831761484,
    "stopped_early": false,
    "training_time_min": 0.47918679714202883
  },
  "val_metrics": {
    "precision": 0.0,
    "recall": 0.0,
    "auc": 0.7046318831761484,
    "accuracy": 0.8199052132701422,
    "f1": 0.0,
    "pred_min": 0.010117929428815842,
    "pred_max": 0.4777630865573883,
    "pred_mean": 0.07422704249620438,
    "pred_std": 0.09185885637998581,
    "pred_range": 0.46764516830444336,
    "n_positive_preds": 0,
    "n_samples": 422,
    "class_balance": 0.18009479343891144,
    "positive_rate": 0.18009478672985782
  },
  "timestamp": "2026-02-07T12:01:56.399432"
}