{
  "exp_id": "FE-65",
  "priority": "P10",
  "description": "a50 baseline (no embedding)",
  "tier": "a50",
  "num_features": 50,
  "d_embed": null,
  "architecture": {
    "d_model": 128,
    "n_layers": 4,
    "n_heads": 8,
    "d_ff": 512,
    "context_length": 80,
    "patch_length": 16,
    "stride": 8
  },
  "hyperparameters": {
    "dropout": 0.5,
    "learning_rate": 0.0001,
    "batch_size": 128,
    "epochs": 50,
    "use_revin": true
  },
  "loss_function": {
    "loss_fn": null,
    "loss_params": null,
    "early_stopping_metric": "val_auc"
  },
  "parameters": {
    "estimated": 899457,
    "actual": 909807
  },
  "splits": {
    "train": 7204,
    "val": 422,
    "test": 156
  },
  "training": {
    "train_loss": 0.46459991105815823,
    "val_loss": 0.44443899765610695,
    "val_auc": 0.723950410708853,
    "stopped_early": true,
    "training_time_min": 0.44765688180923463
  },
  "val_metrics": {
    "precision": 0.4230769230769231,
    "recall": 0.14473684210526316,
    "auc": 0.723950410708853,
    "accuracy": 0.8104265402843602,
    "f1": 0.21568627450980393,
    "pred_min": 0.005126561503857374,
    "pred_max": 0.8435298800468445,
    "pred_mean": 0.11468575149774551,
    "pred_std": 0.17396312952041626,
    "pred_range": 0.8384033441543579,
    "n_positive_preds": 26,
    "n_samples": 422,
    "class_balance": 0.18009479343891144,
    "positive_rate": 0.18009478672985782
  },
  "timestamp": "2026-02-07T12:00:00.605974"
}