{
  "exp_id": "FE-80",
  "priority": "P11",
  "description": "a100 d_embed=24 (between 16 and 32)",
  "tier": "a100",
  "num_features": 100,
  "d_embed": 24,
  "architecture": {
    "d_model": 128,
    "n_layers": 4,
    "n_heads": 8,
    "d_ff": 512,
    "context_length": 80,
    "patch_length": 16,
    "stride": 8
  },
  "hyperparameters": {
    "dropout": 0.5,
    "learning_rate": 0.0001,
    "batch_size": 128,
    "epochs": 50,
    "use_revin": true
  },
  "loss_function": {
    "loss_fn": null,
    "loss_params": null,
    "early_stopping_metric": "val_auc"
  },
  "parameters": {
    "estimated": 848681,
    "actual": 849011
  },
  "splits": {
    "train": 7204,
    "val": 422,
    "test": 156
  },
  "training": {
    "train_loss": 0.48614785022902907,
    "val_loss": 0.4363037645816803,
    "val_auc": 0.7342181320352905,
    "stopped_early": false,
    "training_time_min": 0.5355207800865174
  },
  "val_metrics": {
    "precision": 0.5333333333333333,
    "recall": 0.10526315789473684,
    "auc": 0.7342181320352905,
    "accuracy": 0.8222748815165877,
    "f1": 0.17582417582417584,
    "pred_min": 0.008138704113662243,
    "pred_max": 0.6878109574317932,
    "pred_mean": 0.1088070422410965,
    "pred_std": 0.1419680416584015,
    "pred_range": 0.6796722412109375,
    "n_positive_preds": 15,
    "n_samples": 422,
    "class_balance": 0.18009479343891144,
    "positive_rate": 0.18009478672985782
  },
  "timestamp": "2026-02-07T12:13:54.044581"
}