{
  "tier": "a50",
  "context_length": 80,
  "val_auc": 0.7128080316397931,
  "val_precision": 0.46153846153846156,
  "val_recall": 0.07894736842105263,
  "architecture": {
    "d_model": 128,
    "n_layers": 6,
    "n_heads": 8,
    "d_ff_ratio": 4,
    "dropout": 0.3,
    "learning_rate": 0.0001,
    "weight_decay": 0.0001
  },
  "batch_size": 64,
  "epochs": 50,
  "training_time_min": 0.4218150814374288,
  "train_samples": 7204,
  "val_samples": 422,
  "timestamp": "2026-01-31T08:13:20.146774"
}