{
  "experiment": "h1_d64_L32_h2_drop030",
  "horizon": 1,
  "architecture": {
    "d_model": 64,
    "n_layers": 32,
    "n_heads": 2,
    "d_ff": 256,
    "dropout": 0.3
  },
  "training": {
    "learning_rate": 0.001,
    "batch_size": 256,
    "epochs": 50
  },
  "results": {
    "train_loss": 0.3889092318713665,
    "val_loss": 0.38402703404426575,
    "stopped_early": false,
    "stop_reason": null
  },
  "runtime_seconds": 56.40595722198486,
  "timestamp": "2025-12-31T10:37:22.471529"
}