{
  "experiment_name": "2M_h8_hd005",
  "ablation": "head_dropout",
  "head_dropout": 0.05,
  "baseline_auc": 0.713,
  "architecture": {
    "scale": "2M",
    "d_model": 64,
    "n_layers": 32,
    "n_heads": 8,
    "d_ff": 256,
    "dropout": 0.5,
    "head_dropout": 0.05
  },
  "val_metrics": {
    "auc": 0.6048140341334058,
    "loss": 0.679869898727962
  },
  "test_metrics": {
    "accuracy": 0.6574585635359116,
    "precision": 0.7631578947368421,
    "recall": 0.35365853658536583,
    "f1": 0.48333333333333334,
    "auc_roc": 0.711258930771126
  },
  "prediction_distribution": {
    "min": 0.20571951568126678,
    "max": 0.7198405265808105,
    "spread": 0.5141209959983826
  },
  "training": {
    "epochs_completed": 50,
    "stopped_early": true,
    "time_minutes": 4.349197733402252
  },
  "timestamp": "2026-01-21T17:54:38.351329"
}