{
  "experiment": "s1_02_20m_h1_a50",
  "phase": "6C",
  "stage": "S1",
  "budget": "20M",
  "horizon": 1,
  "feature_tier": "a50",
  "num_features": 50,
  "architecture": {
    "d_model": 128,
    "n_layers": 6,
    "n_heads": 8,
    "d_ff": 512
  },
  "hyperparameters": {
    "dropout": 0.5,
    "learning_rate": 0.0001,
    "context_length": 80,
    "batch_size": 128,
    "epochs": 50,
    "use_revin": true
  },
  "splits": {
    "train": 7204,
    "val": 422,
    "test": 156
  },
  "training": {
    "train_loss": 0.4826589529974419,
    "val_loss": 0.4271777719259262,
    "val_auc": 0.7218968664435657,
    "stopped_early": true,
    "training_time_min": 0.3976410150527954
  },
  "val_metrics": {
    "auc": 0.7218968664435657,
    "accuracy": 0.8104265402843602,
    "precision": 0.4230769230769231,
    "recall": 0.14473684210526316,
    "f1": 0.21568627450980393,
    "pred_min": 0.009160381741821766,
    "pred_max": 0.7702744007110596,
    "pred_mean": 0.12632021307945251,
    "pred_std": 0.17210231721401215,
    "n_positive_preds": 26,
    "n_samples": 422,
    "class_balance": 0.18009479343891144
  },
  "timestamp": "2026-01-23T23:53:29.267677"
}