{
  "experiment": "s2_train_200m_h1_drop07",
  "phase": "6C",
  "stage": "S2",
  "track": "T3_train",
  "budget": "200M",
  "horizon": 1,
  "feature_tier": "a50",
  "num_features": 50,
  "architecture": {
    "d_model": 256,
    "n_layers": 8,
    "n_heads": 8,
    "d_ff": 1024
  },
  "train_change": "dropout_0.7",
  "hyperparameters": {
    "dropout": 0.7,
    "learning_rate": 0.0001,
    "context_length": 80,
    "batch_size": 128,
    "epochs": 50,
    "use_revin": true
  },
  "splits": {
    "train": 7204,
    "val": 422,
    "test": 156
  },
  "training": {
    "train_loss": 0.49741932279185247,
    "val_loss": 0.5355121716856956,
    "val_auc": 0.6974825068451475,
    "stopped_early": true,
    "training_time_min": 0.4730836788813273
  },
  "val_metrics": {
    "auc": 0.6974825068451475,
    "accuracy": 0.8127962085308057,
    "precision": 0.4117647058823529,
    "recall": 0.09210526315789473,
    "f1": 0.15053763440860216,
    "pred_min": 0.0033954291138798,
    "pred_max": 0.7397980093955994,
    "pred_mean": 0.073526531457901,
    "pred_std": 0.14175835251808167,
    "n_positive_preds": 17,
    "n_samples": 422,
    "class_balance": 0.18009479343891144
  },
  "baseline_auc": 0.699,
  "timestamp": "2026-01-24T17:03:20.851063"
}