{
  "experiment": "s2_horizon_2m_h5_a50",
  "phase": "6C",
  "stage": "S2",
  "track": "T1_horizon",
  "budget": "2M",
  "horizon": 5,
  "feature_tier": "a50",
  "num_features": 50,
  "architecture": {
    "d_model": 64,
    "n_layers": 4,
    "n_heads": 4,
    "d_ff": 256
  },
  "hyperparameters": {
    "dropout": 0.5,
    "learning_rate": 0.0001,
    "context_length": 80,
    "batch_size": 128,
    "epochs": 50,
    "use_revin": true
  },
  "splits": {
    "train": 7200,
    "val": 418,
    "test": 152
  },
  "training": {
    "train_loss": 0.6094550845915812,
    "val_loss": 0.6708462536334991,
    "val_auc": 0.593983348044946,
    "stopped_early": true,
    "training_time_min": 0.3356751322746277
  },
  "val_metrics": {
    "auc": 0.593983348044946,
    "accuracy": 0.6100478468899522,
    "precision": 0.6571428571428571,
    "recall": 0.7330677290836654,
    "f1": 0.6930320150659134,
    "pred_min": 0.20034846663475037,
    "pred_max": 0.9722869396209717,
    "pred_mean": 0.5958598852157593,
    "pred_std": 0.19298748672008514,
    "n_positive_preds": 280,
    "n_samples": 418,
    "class_balance": 0.60047847032547
  },
  "baseline_auc": 0.605,
  "timestamp": "2026-01-24T16:57:09.110364"
}