{
  "exp_id": "FE-16",
  "priority": "P4",
  "description": "a100 d_embed=64, d_model=512",
  "tier": "a100",
  "num_features": 100,
  "d_embed": 64,
  "architecture": {
    "d_model": 128,
    "n_layers": 4,
    "n_heads": 8,
    "d_ff": 512,
    "context_length": 80,
    "patch_length": 16,
    "stride": 8
  },
  "hyperparameters": {
    "dropout": 0.5,
    "learning_rate": 0.0001,
    "batch_size": 128,
    "epochs": 50,
    "use_revin": true
  },
  "parameters": {
    "estimated": 13156289,
    "actual": 13156819
  },
  "splits": {
    "train": 7204,
    "val": 422,
    "test": 156
  },
  "training": {
    "train_loss": 0.3842575706933674,
    "val_loss": 0.7688022553920746,
    "val_auc": 0.680027380590204,
    "stopped_early": true,
    "training_time_min": 0.9774669130643209
  },
  "val_metrics": {
    "precision": 0.5,
    "recall": 0.18421052631578946,
    "auc": 0.680027380590204,
    "accuracy": 0.8199052132701422,
    "f1": 0.2692307692307692,
    "pred_min": 7.120831014617579e-06,
    "pred_max": 0.9862626791000366,
    "pred_mean": 0.08354831486940384,
    "pred_std": 0.2021288424730301,
    "pred_range": 0.9862555861473083,
    "n_positive_preds": 28,
    "n_samples": 422,
    "class_balance": 0.18009479343891144,
    "positive_rate": 0.18009478672985782
  },
  "timestamp": "2026-02-07T08:39:27.785061"
}