{
  "experiment": "hpo_2m_h1",
  "budget": "2M",
  "horizon": 1,
  "n_trials": 50,
  "best_trial": 19,
  "best_value": 0.7177897779129905,
  "best_params": {
    "d_model": 96,
    "n_layers": 2,
    "n_heads": 8,
    "d_ff_ratio": 4,
    "learning_rate": 1e-05,
    "dropout": 0.1,
    "weight_decay": 0.001
  },
  "search_space": {
    "d_model": [
      32,
      48,
      64,
      80,
      96
    ],
    "n_layers": [
      2,
      3,
      4,
      5,
      6
    ],
    "n_heads": [
      2,
      4,
      8
    ],
    "d_ff_ratio": [
      2,
      4
    ],
    "learning_rate": [
      1e-05,
      5e-05,
      0.0001,
      0.0005
    ],
    "dropout": [
      0.1,
      0.3,
      0.5,
      0.7
    ],
    "weight_decay": [
      0.0,
      1e-05,
      0.0001,
      0.001
    ]
  },
  "total_time_min": 20.039626534779867,
  "timestamp": "2026-01-25T23:53:25.053461"
}