{
  "experiment": "phase6a_2m_h2",
  "budget": "2M",
  "horizon": 2,
  "architecture": {
    "d_model": 64,
    "n_layers": 4,
    "n_heads": 4,
    "d_ff": 256
  },
  "hyperparameters": {
    "dropout": 0.5,
    "learning_rate": 0.0001,
    "context_length": 80,
    "batch_size": 128,
    "epochs": 50,
    "use_revin": true
  },
  "splits": {
    "train": 7256,
    "val": 421,
    "test": 180
  },
  "training": {
    "train_loss": 0.6142195651405736,
    "val_loss": 0.63062784075737,
    "val_auc": 0.6385005065856129,
    "stopped_early": true,
    "training_time_min": 0.25652051766713463
  },
  "val_metrics": {
    "auc": 0.6385005065856129,
    "accuracy": 0.669833729216152,
    "precision": 0.5454545454545454,
    "recall": 0.0851063829787234,
    "f1": 0.147239263803681,
    "pred_min": 0.05405081808567047,
    "pred_max": 0.6606298685073853,
    "pred_mean": 0.18907809257507324,
    "pred_std": 0.13976004719734192,
    "n_positive_preds": 22,
    "n_samples": 421,
    "class_balance": 0.3349168598651886
  },
  "timestamp": "2026-01-21T18:27:24.852655"
}