{
  "experiment": "s2_train_200m_h1_drop03",
  "phase": "6C",
  "stage": "S2",
  "track": "T3_train",
  "budget": "200M",
  "horizon": 1,
  "feature_tier": "a50",
  "num_features": 50,
  "architecture": {
    "d_model": 256,
    "n_layers": 8,
    "n_heads": 8,
    "d_ff": 1024
  },
  "train_change": "dropout_0.3",
  "hyperparameters": {
    "dropout": 0.3,
    "learning_rate": 0.0001,
    "context_length": 80,
    "batch_size": 128,
    "epochs": 50,
    "use_revin": true
  },
  "splits": {
    "train": 7204,
    "val": 422,
    "test": 156
  },
  "training": {
    "train_loss": 0.45817712524480986,
    "val_loss": 0.4327571205794811,
    "val_auc": 0.692843017949498,
    "stopped_early": true,
    "training_time_min": 0.3640644351641337
  },
  "val_metrics": {
    "auc": 0.692843017949498,
    "accuracy": 0.8009478672985783,
    "precision": 0.36666666666666664,
    "recall": 0.14473684210526316,
    "f1": 0.20754716981132076,
    "pred_min": 0.005945564713329077,
    "pred_max": 0.9501936435699463,
    "pred_mean": 0.13852770626544952,
    "pred_std": 0.1865454465150833,
    "n_positive_preds": 30,
    "n_samples": 422,
    "class_balance": 0.18009479343891144
  },
  "baseline_auc": 0.699,
  "timestamp": "2026-01-24T17:02:50.091404"
}