{
  "tier": "a100",
  "context_length": 90,
  "val_auc": 0.6451038575667655,
  "val_precision": 1.0,
  "val_recall": 0.013333333333333334,
  "architecture": {
    "d_model": 64,
    "n_layers": 4,
    "n_heads": 8,
    "d_ff_ratio": 4,
    "dropout": 0.7,
    "learning_rate": 0.0001,
    "weight_decay": 0.0
  },
  "batch_size": 128,
  "epochs": 50,
  "training_time_min": 0.4993241866429647,
  "train_samples": 7194,
  "val_samples": 412,
  "timestamp": "2026-01-31T10:35:23.051675"
}