{
  "exp_id": "FE-35",
  "priority": "P5",
  "description": "a200 with a100-best config: d=256, L=4",
  "tier": "a200",
  "num_features": 206,
  "d_embed": 32,
  "architecture": {
    "d_model": 128,
    "n_layers": 4,
    "n_heads": 8,
    "d_ff": 512,
    "context_length": 80,
    "patch_length": 16,
    "stride": 8
  },
  "hyperparameters": {
    "dropout": 0.5,
    "learning_rate": 0.0001,
    "batch_size": 128,
    "epochs": 50,
    "use_revin": true
  },
  "parameters": {
    "estimated": 3304737,
    "actual": 3305319
  },
  "splits": {
    "train": 7159,
    "val": 422,
    "test": 156
  },
  "training": {
    "train_loss": 0.4554994186120374,
    "val_loss": 0.5698913410305977,
    "val_auc": 0.7237602677213264,
    "stopped_early": true,
    "training_time_min": 0.4938611348470052
  },
  "val_metrics": {
    "precision": 0.5714285714285714,
    "recall": 0.10526315789473684,
    "auc": 0.7237602677213264,
    "accuracy": 0.8246445497630331,
    "f1": 0.17777777777777778,
    "pred_min": 0.0006224330281838775,
    "pred_max": 0.8182513117790222,
    "pred_mean": 0.0694168359041214,
    "pred_std": 0.14169679582118988,
    "pred_range": 0.8176288604736328,
    "n_positive_preds": 14,
    "n_samples": 422,
    "class_balance": 0.18009479343891144,
    "positive_rate": 0.18009478672985782
  },
  "timestamp": "2026-02-07T08:54:48.943512"
}