{
  "experiment": "s2_arch_2m_h1_heads8",
  "phase": "6C",
  "stage": "S2",
  "track": "T2_arch",
  "budget": "2M",
  "horizon": 1,
  "feature_tier": "a50",
  "num_features": 50,
  "architecture": {
    "d_model": 64,
    "n_layers": 3,
    "n_heads": 8,
    "d_ff": 256
  },
  "arch_change": "doubled_heads",
  "hyperparameters": {
    "dropout": 0.5,
    "learning_rate": 0.0001,
    "context_length": 80,
    "batch_size": 128,
    "epochs": 50,
    "use_revin": true
  },
  "splits": {
    "train": 7204,
    "val": 422,
    "test": 156
  },
  "training": {
    "train_loss": 0.47552426865226344,
    "val_loss": 0.44924191385507584,
    "val_auc": 0.7279053848494068,
    "stopped_early": false,
    "training_time_min": 0.4125428040822347
  },
  "val_metrics": {
    "auc": 0.7279053848494068,
    "accuracy": 0.8127962085308057,
    "precision": 0.4117647058823529,
    "recall": 0.09210526315789473,
    "f1": 0.15053763440860216,
    "pred_min": 0.006716855801641941,
    "pred_max": 0.7431979179382324,
    "pred_mean": 0.09644868969917297,
    "pred_std": 0.14222365617752075,
    "n_positive_preds": 17,
    "n_samples": 422,
    "class_balance": 0.18009479343891144
  },
  "baseline_auc": 0.708,
  "timestamp": "2026-01-24T16:59:35.102452"
}