{
  "experiment_name": "20M_h4_hd015",
  "ablation": "head_dropout",
  "head_dropout": 0.15,
  "baseline_auc": 0.712,
  "architecture": {
    "scale": "20M",
    "d_model": 512,
    "n_layers": 6,
    "n_heads": 4,
    "d_ff": 2048,
    "dropout": 0.5,
    "head_dropout": 0.15
  },
  "val_metrics": {
    "auc": 0.6181863511706444,
    "loss": 0.7204944746834892
  },
  "test_metrics": {
    "accuracy": 0.580110497237569,
    "precision": 0.5428571428571428,
    "recall": 0.4634146341463415,
    "f1": 0.5,
    "auc_roc": 0.6124661246612466
  },
  "prediction_distribution": {
    "min": 0.05766148865222931,
    "max": 0.84913170337677,
    "spread": 0.7914702296257019
  },
  "training": {
    "epochs_completed": 50,
    "stopped_early": true,
    "time_minutes": 2.457681481043498
  },
  "timestamp": "2026-01-21T18:07:59.343808"
}