{
  "exp_id": "FE-36",
  "priority": "P5",
  "description": "a500 with a100-best config: d=256, L=4",
  "tier": "a500",
  "num_features": 500,
  "d_embed": 32,
  "architecture": {
    "d_model": 128,
    "n_layers": 4,
    "n_heads": 8,
    "d_ff": 512,
    "context_length": 80,
    "patch_length": 16,
    "stride": 8
  },
  "hyperparameters": {
    "dropout": 0.5,
    "learning_rate": 0.0001,
    "batch_size": 128,
    "epochs": 50,
    "use_revin": true
  },
  "parameters": {
    "estimated": 3314145,
    "actual": 3315315
  },
  "splits": {
    "train": 7159,
    "val": 422,
    "test": 156
  },
  "training": {
    "train_loss": 0.4144034779497555,
    "val_loss": 0.6761207655072212,
    "val_auc": 0.7021600243383024,
    "stopped_early": true,
    "training_time_min": 0.8275683323542277
  },
  "val_metrics": {
    "precision": 0.45,
    "recall": 0.11842105263157894,
    "auc": 0.7021600243383024,
    "accuracy": 0.8151658767772512,
    "f1": 0.1875,
    "pred_min": 8.915698708733544e-05,
    "pred_max": 0.9760370254516602,
    "pred_mean": 0.07722815871238708,
    "pred_std": 0.17709223926067352,
    "pred_range": 0.9759478569030762,
    "n_positive_preds": 20,
    "n_samples": 422,
    "class_balance": 0.18009479343891144,
    "positive_rate": 0.18009478672985782
  },
  "timestamp": "2026-02-07T08:55:38.751987"
}