{
  "auc": 0.5540480481963408,
  "accuracy": 0.5537848605577689,
  "precision": 0.22666666666666666,
  "recall": 0.504950495049505,
  "f1": 0.3128834355828221,
  "n_positive_preds": 225,
  "n_samples": 502,
  "class_balance": 0.20119521912350596,
  "pred_min": 3.589815241866745e-05,
  "pred_max": 0.999970555305481,
  "pred_mean": 0.44117772579193115,
  "pred_std": 0.4740469455718994,
  "mse": 0.4183541085435182,
  "mae": 0.44312668667616534,
  "direction_accuracy": 0.5079681274900398,
  "context_length": 80,
  "model_type": "informer",
  "training_time_min": 10.997911099592844,
  "best_params": {
    "hidden_size": 256,
    "learning_rate": 0.0001,
    "max_steps": 1000,
    "dropout": 0.4,
    "n_layers": 2,
    "n_heads": 2,
    "batch_size": 16,
    "focal_gamma": 0.5,
    "focal_alpha": 0.9
  },
  "baseline_comparison": {
    "baseline_auc": 0.718,
    "model_auc": 0.5540480481963408,
    "improvement_pct": -22.83453367738986,
    "meets_threshold": false,
    "beats_baseline": false
  },
  "timestamp": "2026-01-31T08:33:50.092706+00:00"
}