{
  "experiment_name": "20M_h4_hd005",
  "ablation": "head_dropout",
  "head_dropout": 0.05,
  "baseline_auc": 0.712,
  "architecture": {
    "scale": "20M",
    "d_model": 512,
    "n_layers": 6,
    "n_heads": 4,
    "d_ff": 2048,
    "dropout": 0.5,
    "head_dropout": 0.05
  },
  "val_metrics": {
    "auc": 0.6095963373450285,
    "loss": 0.73062835420881
  },
  "test_metrics": {
    "accuracy": 0.569060773480663,
    "precision": 0.55,
    "recall": 0.2682926829268293,
    "f1": 0.36065573770491804,
    "auc_roc": 0.6136979551613697
  },
  "prediction_distribution": {
    "min": 0.04189998656511307,
    "max": 0.804884672164917,
    "spread": 0.7629846930503845
  },
  "training": {
    "epochs_completed": 50,
    "stopped_early": true,
    "time_minutes": 2.0260427474975584
  },
  "timestamp": "2026-01-21T18:05:29.615499"
}