{
  "experiment_name": "ctx_ablation_80",
  "context_length": 80,
  "architecture": {
    "d_model": 64,
    "n_layers": 4,
    "n_heads": 4,
    "d_ff": 256,
    "dropout": 0.5,
    "use_revin": true
  },
  "training": {
    "learning_rate": 0.0001,
    "batch_size": 128,
    "epochs": 50
  },
  "results": {
    "val_auc": 0.7064572558564041,
    "val_loss": 0.4250466823577881,
    "train_loss": 0.4968511017791012,
    "accuracy": 0.8175355450236966,
    "precision": 0.42857142857142855,
    "recall": 0.039473684210526314,
    "f1": 0.07228915662650602,
    "pred_min": 0.025474101305007935,
    "pred_max": 0.60909104347229,
    "pred_std": 0.12268052250146866,
    "stopped_early": true,
    "training_time_minutes": 0.4512311538060506
  },
  "splits": {
    "train_samples": 7257,
    "val_samples": 422,
    "test_samples": 181
  },
  "timestamp": "2026-01-21T15:23:38.273356"
}