{
  "experiment_id": "TFM-01",
  "experiment_name": "Zero-shot 80-context univariate",
  "model": "TimesFM-2.5-200M-PyTorch",
  "mode": "zero-shot",
  "context_length": 80,
  "num_features": 1,
  "use_covariates": false,
  "fine_tuned": false,
  "val_metrics": {
    "auc": 0.3639663218192144,
    "accuracy": 0.798804780876494,
    "precision": 0.0,
    "recall": 0.0,
    "f1": 0.0,
    "pred_min": -0.010964257642626762,
    "pred_max": 0.006040739826858044,
    "pred_mean": 0.0009615679155103862,
    "pred_std": 0.001398250344209373,
    "n_positive_preds": 0,
    "n_samples": 502,
    "class_balance": 0.20119521912350596,
    "inference_time_s": 47.772602558135986
  },
  "test_metrics": {
    "auc": 0.27589651383478175,
    "accuracy": 0.823076923076923,
    "precision": 1.0,
    "recall": 0.02127659574468085,
    "f1": 0.041666666666666664,
    "pred_min": -0.023063426837325096,
    "pred_max": 0.03297724202275276,
    "pred_mean": 0.0009395809029228985,
    "pred_std": 0.003263590857386589,
    "n_positive_preds": 1,
    "n_samples": 260,
    "class_balance": 0.18076923076923077,
    "inference_time_s": 24.20945930480957
  },
  "baselines": {
    "patchtst_200m": 0.718,
    "lagllama_best": 0.576,
    "success_target": 0.754
  },
  "timestamp": "2026-01-25T04:53:45.612711"
}