{
  "experiment_id": "TFM-07",
  "experiment_name": "Zero-shot 80-context with a50 covariates",
  "model": "TimesFM-2.5-200M-PyTorch",
  "feature_tier": "a50",
  "mode": "with-covariates",
  "context_length": 80,
  "num_features": 50,
  "use_covariates": true,
  "fine_tuned": false,
  "feature_cols": [
    "dema_9",
    "dema_10",
    "sma_12",
    "dema_20",
    "dema_25",
    "sma_50",
    "dema_90",
    "sma_100",
    "sma_200",
    "rsi_daily",
    "rsi_weekly",
    "stochrsi_daily",
    "stochrsi_weekly",
    "macd_line",
    "obv",
    "adosc",
    "atr_14",
    "adx_14",
    "bb_percent_b",
    "vwap_20",
    "return_1d",
    "return_5d",
    "return_21d",
    "return_63d",
    "return_252d",
    "qqe_fast",
    "qqe_slow",
    "qqe_fast_slow_spread",
    "stc_value",
    "stc_from_50",
    "vrp_10d",
    "vrp_21d",
    "implied_vs_realized_ratio",
    "sharpe_20d",
    "sharpe_60d",
    "sortino_20d",
    "sortino_60d",
    "rsi_slope",
    "rsi_extreme_dist",
    "price_pct_from_sma_50",
    "price_pct_from_sma_200",
    "sma_50_200_proximity",
    "atr_pct",
    "atr_pct_slope",
    "bb_width",
    "overnight_gap",
    "open_to_close_pct",
    "volume_ratio_20d",
    "kvo_signal",
    "macd_histogram"
  ],
  "val_metrics": {
    "auc": 0.3639663218192144,
    "accuracy": 0.798804780876494,
    "precision": 0.0,
    "recall": 0.0,
    "f1": 0.0,
    "pred_min": -0.010964259505271912,
    "pred_max": 0.00604074215516448,
    "pred_mean": 0.0009615681483410299,
    "pred_std": 0.0013982504606246948,
    "n_positive_preds": 0,
    "n_samples": 502,
    "class_balance": 0.20119521912350596,
    "inference_time_s": 184.91797590255737,
    "num_covariates": 80
  },
  "test_metrics": {
    "auc": 0.2745571658615137,
    "accuracy": 0.8085106382978723,
    "precision": 1.0,
    "recall": 0.021739130434782608,
    "f1": 0.0425531914893617,
    "pred_min": -0.02306342124938965,
    "pred_max": 0.03297726809978485,
    "pred_mean": 0.000947400985751301,
    "pred_std": 0.003421350847929716,
    "n_positive_preds": 1,
    "n_samples": 235,
    "class_balance": 0.19574468085106383,
    "inference_time_s": 82.336510181427,
    "num_covariates": 80
  },
  "baselines": {
    "patchtst_200m": 0.718,
    "tfm01_inverted": 0.636,
    "success_target": 0.754
  },
  "timestamp": "2026-01-26T01:51:09.176422",
  "anti_correlation": {
    "auc_normal": 0.3639663218192144,
    "auc_inverted": 0.6360336781807857,
    "is_anti_correlated": true
  },
  "threshold_sweep": {
    "results": [
      {
        "threshold": -0.00604074215516448,
        "precision": 0.20119521912350596,
        "recall": 1.0,
        "f1": 0.33499170812603646,
        "accuracy": 0.20119521912350596,
        "n_positive": 502,
        "true_positives": 101,
        "false_positives": 401
      },
      {
        "threshold": -0.005190492141991854,
        "precision": 0.20159680638722555,
        "recall": 1.0,
        "f1": 0.33554817275747506,
        "accuracy": 0.20318725099601595,
        "n_positive": 501,
        "true_positives": 101,
        "false_positives": 400
      },
      {
        "threshold": -0.00434024166315794,
        "precision": 0.20161290322580644,
        "recall": 0.9900990099009901,
        "f1": 0.3350083752093802,
        "accuracy": 0.20916334661354583,
        "n_positive": 496,
        "true_positives": 100,
        "false_positives": 396
      },
      {
        "threshold": -0.0034899916499853134,
        "precision": 0.2028688524590164,
        "recall": 0.9801980198019802,
        "f1": 0.3361629881154499,
        "accuracy": 0.22111553784860558,
        "n_positive": 488,
        "true_positives": 99,
        "false_positives": 389
      },
      {
        "threshold": -0.002639741636812687,
        "precision": 0.208955223880597,
        "recall": 0.9702970297029703,
        "f1": 0.34385964912280703,
        "accuracy": 0.2549800796812749,
        "n_positive": 469,
        "true_positives": 98,
        "false_positives": 371
      },
      {
        "threshold": -0.0017894916236400604,
        "precision": 0.22546419098143236,
        "recall": 0.8415841584158416,
        "f1": 0.35564853556485354,
        "accuracy": 0.38645418326693226,
        "n_positive": 377,
        "true_positives": 85,
        "false_positives": 292
      },
      {
        "threshold": -0.0009392411448061466,
        "precision": 0.26339285714285715,
        "recall": 0.5841584158415841,
        "f1": 0.3630769230769231,
        "accuracy": 0.5876494023904383,
        "n_positive": 224,
        "true_positives": 59,
        "false_positives": 165
      },
      {
        "threshold": -8.899113163352013e-05,
        "precision": 0.3684210526315789,
        "recall": 0.4158415841584158,
        "f1": 0.3906976744186046,
        "accuracy": 0.7390438247011952,
        "n_positive": 114,
        "true_positives": 42,
        "false_positives": 72
      },
      {
        "threshold": 0.0007612588815391064,
        "precision": 0.3333333333333333,
        "recall": 0.1485148514851485,
        "f1": 0.20547945205479454,
        "accuracy": 0.7689243027888446,
        "n_positive": 45,
        "true_positives": 15,
        "false_positives": 30
      },
      {
        "threshold": 0.0016115088947117329,
        "precision": 0.4444444444444444,
        "recall": 0.07920792079207921,
        "f1": 0.13445378151260506,
        "accuracy": 0.7948207171314741,
        "n_positive": 18,
        "true_positives": 8,
        "false_positives": 10
      },
      {
        "threshold": 0.0024617589078843594,
        "precision": 0.5555555555555556,
        "recall": 0.04950495049504951,
        "f1": 0.0909090909090909,
        "accuracy": 0.8007968127490039,
        "n_positive": 9,
        "true_positives": 5,
        "false_positives": 4
      },
      {
        "threshold": 0.003312008921056986,
        "precision": 0.5,
        "recall": 0.009900990099009901,
        "f1": 0.019417475728155338,
        "accuracy": 0.798804780876494,
        "n_positive": 2,
        "true_positives": 1,
        "false_positives": 1
      },
      {
        "threshold": 0.004162259865552187,
        "precision": 1.0,
        "recall": 0.009900990099009901,
        "f1": 0.0196078431372549,
        "accuracy": 0.8007968127490039,
        "n_positive": 1,
        "true_positives": 1,
        "false_positives": 0
      },
      {
        "threshold": 0.0050125098787248135,
        "precision": 1.0,
        "recall": 0.009900990099009901,
        "f1": 0.0196078431372549,
        "accuracy": 0.8007968127490039,
        "n_positive": 1,
        "true_positives": 1,
        "false_positives": 0
      },
      {
        "threshold": 0.00586275989189744,
        "precision": 1.0,
        "recall": 0.009900990099009901,
        "f1": 0.0196078431372549,
        "accuracy": 0.8007968127490039,
        "n_positive": 1,
        "true_positives": 1,
        "false_positives": 0
      },
      {
        "threshold": 0.0067130099050700665,
        "precision": 1.0,
        "recall": 0.009900990099009901,
        "f1": 0.0196078431372549,
        "accuracy": 0.8007968127490039,
        "n_positive": 1,
        "true_positives": 1,
        "false_positives": 0
      },
      {
        "threshold": 0.007563259918242693,
        "precision": 1.0,
        "recall": 0.009900990099009901,
        "f1": 0.0196078431372549,
        "accuracy": 0.8007968127490039,
        "n_positive": 1,
        "true_positives": 1,
        "false_positives": 0
      },
      {
        "threshold": 0.008413510397076607,
        "precision": 1.0,
        "recall": 0.009900990099009901,
        "f1": 0.0196078431372549,
        "accuracy": 0.8007968127490039,
        "n_positive": 1,
        "true_positives": 1,
        "false_positives": 0
      },
      {
        "threshold": 0.009263759478926659,
        "precision": 1.0,
        "recall": 0.009900990099009901,
        "f1": 0.0196078431372549,
        "accuracy": 0.8007968127490039,