{
  "experiment": "phase6a_20m_h3",
  "budget": "20M",
  "horizon": 3,
  "architecture": {
    "d_model": 128,
    "n_layers": 6,
    "n_heads": 8,
    "d_ff": 512
  },
  "hyperparameters": {
    "dropout": 0.5,
    "learning_rate": 0.0001,
    "context_length": 80,
    "batch_size": 128,
    "epochs": 50,
    "use_revin": true
  },
  "splits": {
    "train": 7255,
    "val": 420,
    "test": 179
  },
  "training": {
    "train_loss": 0.6475041247250741,
    "val_loss": 0.6390451341867447,
    "val_auc": 0.6150343249427918,
    "stopped_early": true,
    "training_time_min": 0.27329058249791466
  },
  "val_metrics": {
    "auc": 0.6150343249427918,
    "accuracy": 0.5976190476190476,
    "precision": 0.5724137931034483,
    "recall": 0.4368421052631579,
    "f1": 0.4955223880597015,
    "pred_min": 0.20488323271274567,
    "pred_max": 0.8097401261329651,
    "pred_mean": 0.45250067114830017,
    "pred_std": 0.15402239561080933,
    "n_positive_preds": 145,
    "n_samples": 420,
    "class_balance": 0.4523809552192688
  },
  "timestamp": "2026-01-21T18:26:24.015290"
}