{
  "auc": 0.5475667267474877,
  "accuracy": 0.26693227091633465,
  "precision": 0.2039911308203991,
  "recall": 0.9108910891089109,
  "f1": 0.3333333333333333,
  "n_positive_preds": 451,
  "n_samples": 502,
  "class_balance": 0.20119521912350596,
  "pred_min": 0.2791033983230591,
  "pred_max": 0.8995688557624817,
  "pred_mean": 0.7466369271278381,
  "pred_std": 0.15599963068962097,
  "mse": 0.5804132620711484,
  "mae": 0.7456946681957862,
  "direction_accuracy": 0.5597609561752988,
  "context_length": 180,
  "model_type": "itransformer",
  "training_time_min": 2.202011799812317,
  "best_params": {
    "hidden_size": 32,
    "learning_rate": 1e-05,
    "max_steps": 3000,
    "dropout": 0.4,
    "n_layers": 6,
    "n_heads": 4,
    "batch_size": 32,
    "focal_gamma": 0.5,
    "focal_alpha": 0.9
  },
  "baseline_comparison": {
    "baseline_auc": 0.718,
    "model_auc": 0.5475667267474877,
    "improvement_pct": -23.73722468697942,
    "meets_threshold": false,
    "beats_baseline": false
  },
  "timestamp": "2026-01-31T08:12:04.318990+00:00"
}