{
  "exp_id": "FE-44",
  "priority": "P6",
  "description": "a100 expand 100->256 then compress to d=128",
  "tier": "a100",
  "num_features": 100,
  "d_embed": 256,
  "architecture": {
    "d_model": 128,
    "n_layers": 4,
    "n_heads": 8,
    "d_ff": 512,
    "context_length": 80,
    "patch_length": 16,
    "stride": 8
  },
  "hyperparameters": {
    "dropout": 0.5,
    "learning_rate": 0.0001,
    "batch_size": 128,
    "epochs": 50,
    "use_revin": true
  },
  "parameters": {
    "estimated": 1347713,
    "actual": 1349203
  },
  "splits": {
    "train": 7204,
    "val": 422,
    "test": 156
  },
  "training": {
    "train_loss": 0.43498606849135013,
    "val_loss": 0.5538686960935593,
    "val_auc": 0.6918923030118649,
    "stopped_early": true,
    "training_time_min": 0.41398584842681885
  },
  "val_metrics": {
    "precision": 0.45,
    "recall": 0.11842105263157894,
    "auc": 0.6918923030118649,
    "accuracy": 0.8151658767772512,
    "f1": 0.1875,
    "pred_min": 0.0007832420524209738,
    "pred_max": 0.7458109259605408,
    "pred_mean": 0.08331922441720963,
    "pred_std": 0.15290044248104095,
    "pred_range": 0.7450276613235474,
    "n_positive_preds": 20,
    "n_samples": 422,
    "class_balance": 0.18009479343891144,
    "positive_rate": 0.18009478672985782
  },
  "timestamp": "2026-02-07T10:11:33.150588"
}