{
  "experiment_name": "2M_h8_hd030",
  "ablation": "head_dropout",
  "head_dropout": 0.3,
  "baseline_auc": 0.713,
  "architecture": {
    "scale": "2M",
    "d_model": 64,
    "n_layers": 32,
    "n_heads": 8,
    "d_ff": 256,
    "dropout": 0.5,
    "head_dropout": 0.3
  },
  "val_metrics": {
    "auc": 0.6017542666757327,
    "loss": 0.678599340575082
  },
  "test_metrics": {
    "accuracy": 0.6519337016574586,
    "precision": 0.7317073170731707,
    "recall": 0.36585365853658536,
    "f1": 0.4878048780487805,
    "auc_roc": 0.7129834934712983
  },
  "prediction_distribution": {
    "min": 0.2161102443933487,
    "max": 0.7041003108024597,
    "spread": 0.4879900813102722
  },
  "training": {
    "epochs_completed": 50,
    "stopped_early": true,
    "time_minutes": 4.367058849334716
  },
  "timestamp": "2026-01-21T18:03:25.705497"
}