config,use_zscore,use_revin,val_loss,auc,pred_min,pred_max,pred_std,pred_mean,train_time_s
zscore_only,True,False,0.49818198808601927,0.47560349255264506,0.16231976,0.24531244,0.013881099,0.1987684,19.991217136383057
revin_only,False,True,0.31745198901210514,0.6671058410188845,0.01724301,0.36674157,0.06241431,0.080163665,20.604068756103516
zscore_revin,True,True,1.1539238223007746,0.515472521828454,0.34912896,0.93286383,0.11388879,0.7221177,20.725467920303345
