config,use_zscore,use_revin,val_loss,auc,pred_min,pred_max,pred_std,pred_mean,train_time_s
zscore_only,True,False,0.7616637349128723,0.7159090909090909,0.27040085,0.97054887,0.24551307,0.744095,11.513998985290527
revin_only,False,True,0.38242995738983154,0.47058823529411764,0.017180968,0.14103933,0.03449049,0.056742262,11.97545599937439
zscore_revin,True,True,0.70681232213974,0.7386363636363636,0.6430868,0.89010626,0.058874734,0.7627409,11.749285697937012
