{
  "tier": "a200",
  "context_length": 60,
  "val_auc": 0.6836140460996617,
  "val_precision": 0.625,
  "val_recall": 0.06329113924050633,
  "architecture": {
    "d_model": 64,
    "n_layers": 4,
    "n_heads": 8,
    "d_ff_ratio": 4,
    "dropout": 0.7,
    "learning_rate": 0.0001,
    "weight_decay": 0.0
  },
  "batch_size": 128,
  "epochs": 50,
  "training_time_min": 0.5823133826255799,
  "train_samples": 7179,
  "val_samples": 442,
  "timestamp": "2026-01-31T10:37:33.773387"
}