config_name,learning_rate,dropout,d_model,n_layers,n_heads,d_ff,n_params,micro_batch,accumulation_steps,train_samples,val_samples,best_val_auc,final_val_auc,best_epoch,total_epochs,pred_min,pred_max,pred_std,training_time_min
lr8e5_d50,8e-05,0.5,512,6,8,2048,19134977,16,16,7257,422,0.7201939007179236,0.7199484567711848,49,50,0.11929121613502502,0.3763144016265869,0.06005527451634407,3.618003821372986
lr5e5_d50,5e-05,0.5,512,6,8,2048,19134977,16,16,7257,422,0.7160213536233662,0.7076762594342517,18,28,0.14893724024295807,0.3049045205116272,0.035215821117162704,2.003912313779195
lr1e4_d55,0.0001,0.55,512,6,8,2048,19134977,16,16,7257,422,0.7068172056206664,0.6987789163649751,7,17,0.09337782859802246,0.24470095336437225,0.03275565803050995,1.21862633228302
lr8e5_d55,8e-05,0.55,512,6,8,2048,19134977,16,16,7257,422,0.7090875621279991,0.7052831809535497,15,25,0.12720242142677307,0.2790980041027069,0.03192891553044319,1.8228399157524109
lr5e5_d55,5e-05,0.55,512,6,8,2048,19134977,16,16,7257,422,0.707798981407621,0.7072467325274591,16,26,0.10545329749584198,0.2533155083656311,0.031196298077702522,1.8736260493596395
