config_name,d_model,n_layers,n_heads,d_ff,n_params,learning_rate,dropout,micro_batch,accumulation_steps,train_samples,val_samples,best_val_auc,final_val_auc,best_epoch,total_epochs,pred_min,pred_max,pred_std,training_time_min
20M_L2,896,2,8,3584,19677057,0.0001,0.5,16,16,7257,422,0.7163281585567896,0.6982880284714978,30,40,0.03474585711956024,0.2823047637939453,0.05246962234377861,1.5888329823811849
20M_L3,720,3,8,2880,19000801,0.0001,0.5,16,16,7257,422,0.713873719089403,0.6964471988709579,27,37,0.09678297489881516,0.3545607328414917,0.051109302788972855,1.7476052363713583
20M_L4,640,4,8,2560,19969921,0.0001,0.5,16,16,7257,422,0.7176781002638523,0.7112351966619623,23,33,0.09773731976747513,0.29875436425209045,0.04164358973503113,1.7170209487279255
20M_L5,560,5,8,2240,19093761,0.0001,0.5,16,16,7257,422,0.7222188132785176,0.7191507639442842,49,50,0.08963312953710556,0.36705464124679565,0.06147896498441696,2.9976155678431193
