{
  "tier": "a200",
  "context_length": 180,
  "val_auc": 0.6541857317780498,
  "val_precision": 0.25,
  "val_recall": 0.01694915254237288,
  "architecture": {
    "d_model": 64,
    "n_layers": 4,
    "n_heads": 8,
    "d_ff_ratio": 4,
    "dropout": 0.7,
    "learning_rate": 0.0001,
    "weight_decay": 0.0
  },
  "batch_size": 128,
  "epochs": 50,
  "training_time_min": 0.9865524808565775,
  "train_samples": 7059,
  "val_samples": 322,
  "timestamp": "2026-01-31T10:40:00.319821"
}