{
  "exp_id": "FE-70",
  "priority": "P10",
  "description": "a20 d_embed=32 (more expansion)",
  "tier": "a20",
  "num_features": 20,
  "d_embed": 32,
  "architecture": {
    "d_model": 128,
    "n_layers": 4,
    "n_heads": 8,
    "d_ff": 512,
    "context_length": 80,
    "patch_length": 16,
    "stride": 8
  },
  "hyperparameters": {
    "dropout": 0.5,
    "learning_rate": 0.0001,
    "batch_size": 128,
    "epochs": 50,
    "use_revin": true
  },
  "loss_function": {
    "loss_fn": null,
    "loss_params": null,
    "early_stopping_metric": "val_auc"
  },
  "parameters": {
    "estimated": 863329,
    "actual": 863539
  },
  "splits": {
    "train": 7257,
    "val": 422,
    "test": 181
  },
  "training": {
    "train_loss": 0.49459616813743323,
    "val_loss": 0.4663930721580982,
    "val_auc": 0.7104122299969576,
    "stopped_early": false,
    "training_time_min": 0.4794024666150411
  },
  "val_metrics": {
    "precision": 0.0,
    "recall": 0.0,
    "auc": 0.7104122299969576,
    "accuracy": 0.8199052132701422,
    "f1": 0.0,
    "pred_min": 0.009210902266204357,
    "pred_max": 0.49837133288383484,
    "pred_mean": 0.07173275202512741,
    "pred_std": 0.09408693015575409,
    "pred_range": 0.489160418510437,
    "n_positive_preds": 0,
    "n_samples": 422,
    "class_balance": 0.18009479343891144,
    "positive_rate": 0.18009478672985782
  },
  "timestamp": "2026-02-07T12:02:25.209640"
}