config_name,model_type,learning_rate,dropout,n_params,train_samples,val_samples,best_val_auc,final_val_auc,best_epoch,total_epochs,pred_min,pred_max,pred_std,training_time_min
PatchTST_lr1e-5_d0.4,PatchTST,1e-05,0.4,227521,7257,422,0.6736209118242621,0.6736209118242621,100,100,0.11559221148490906,0.2590886056423187,0.030006131157279015,0.968735416730245
PatchTST_lr1e-5_d0.5,PatchTST,1e-05,0.5,227521,7257,422,0.7089034791679449,0.7089034791679449,100,100,0.07951649278402328,0.2125123292207718,0.026717115193605423,0.9726105451583862
PatchTST_lr1e-6_d0.4,PatchTST,1e-06,0.4,227521,7257,422,0.6274774498373934,0.6274774498373934,100,100,0.08271464705467224,0.20215366780757904,0.01916995272040367,0.9788681348164876
PatchTST_lr1e-6_d0.5,PatchTST,1e-06,0.5,227521,7257,422,0.5575259250168741,0.5575259250168741,100,100,0.0453169159591198,0.12177705764770508,0.013020369224250317,0.9813082019488016
MLP_lr1e-5_d0.4,MLP,1e-05,0.4,184961,7257,422,0.4838927409952752,0.4606369270417868,1,11,0.21612094342708588,0.2915750741958618,0.016267389059066772,0.04636926651000976
MLP_lr1e-5_d0.5,MLP,1e-05,0.5,184961,7257,422,0.6976744186046512,0.6968767257777505,96,100,0.19958710670471191,0.3268711268901825,0.029319550842046738,0.442505685488383
MLP_lr1e-6_d0.4,MLP,1e-06,0.4,184961,7257,422,0.5097257163895196,0.47352273424556673,1,11,0.41105762124061584,0.4326844811439514,0.004438308067619801,0.04836947123209635
MLP_lr1e-6_d0.5,MLP,1e-06,0.5,184961,7257,422,0.5412039025587532,0.4559734920537522,1,11,0.47022029757499695,0.48389700055122375,0.002787180943414569,0.04704436461130778
