config_name,model_type,learning_rate,dropout,n_params,train_samples,val_samples,best_val_auc,final_val_auc,best_epoch,total_epochs,pred_min,pred_max,pred_std,training_time_min
PatchTST_d0.4,PatchTST,0.001,0.4,227521,7257,422,0.7183530711173836,0.7063876787138738,10,20,0.10709261149168015,0.33764201402664185,0.04828138276934624,0.19569758574167886
PatchTST_d0.5,PatchTST,0.001,0.5,227521,7257,422,0.7198870957845003,0.7099466159415844,14,24,0.09801079332828522,0.36617767810821533,0.06101631745696068,0.23284761905670165
MLP_d0.4,MLP,0.001,0.4,184961,7257,422,0.6943609253236792,0.6714732772902988,4,14,0.1360447257757187,0.3591153919696808,0.046567194163799286,0.058513832092285153
MLP_d0.5,MLP,0.001,0.5,184961,7257,422,0.6816592010799535,0.6582806651530956,6,16,0.16035352647304535,0.3861958384513855,0.04140426591038704,0.0711734135945638
