{
  "experiment": "phase6a_2m_h3",
  "budget": "2M",
  "horizon": 3,
  "architecture": {
    "d_model": 64,
    "n_layers": 4,
    "n_heads": 4,
    "d_ff": 256
  },
  "hyperparameters": {
    "dropout": 0.5,
    "learning_rate": 0.0001,
    "context_length": 80,
    "batch_size": 128,
    "epochs": 50,
    "use_revin": true
  },
  "splits": {
    "train": 7255,
    "val": 420,
    "test": 179
  },
  "training": {
    "train_loss": 0.6421432401004591,
    "val_loss": 0.670690506696701,
    "val_auc": 0.6177803203661327,
    "stopped_early": true,
    "training_time_min": 0.37073868115743003
  },
  "val_metrics": {
    "auc": 0.6177803203661327,
    "accuracy": 0.5976190476190476,
    "precision": 0.6438356164383562,
    "recall": 0.24736842105263157,
    "f1": 0.3574144486692015,
    "pred_min": 0.1149386614561081,
    "pred_max": 0.8153321743011475,
    "pred_mean": 0.31928396224975586,
    "pred_std": 0.1697467714548111,
    "n_positive_preds": 73,
    "n_samples": 420,
    "class_balance": 0.4523809552192688
  },
  "timestamp": "2026-01-21T18:27:49.214085"
}