{
  "exp_id": "AE-14",
  "priority": "AE-P4",
  "description": "a100 FE-06 + GatedResidual h=128",
  "tier": "a100",
  "num_features": 100,
  "d_embed": 32,
  "architecture": {
    "d_model": 128,
    "n_layers": 4,
    "n_heads": 8,
    "d_ff": 512,
    "context_length": 80,
    "patch_length": 16,
    "stride": 8
  },
  "hyperparameters": {
    "dropout": 0.5,
    "learning_rate": 0.0001,
    "batch_size": 128,
    "epochs": 50,
    "use_revin": true
  },
  "loss_function": {
    "loss_fn": null,
    "loss_params": null,
    "early_stopping_metric": "val_auc"
  },
  "parameters": {
    "estimated": 865889,
    "actual": 887273
  },
  "splits": {
    "train": 7204,
    "val": 422,
    "test": 156
  },
  "training": {
    "train_loss": 0.46999015097032515,
    "val_loss": 0.4645044095814228,
    "val_auc": 0.7109826589595375,
    "stopped_early": false,
    "training_time_min": 0.5512459357579549
  },
  "val_metrics": {
    "precision": 0.5454545454545454,
    "recall": 0.07894736842105263,
    "auc": 0.7109826589595375,
    "accuracy": 0.8222748815165877,
    "f1": 0.13793103448275862,
    "pred_min": 0.002165349666029215,
    "pred_max": 0.7431563138961792,
    "pred_mean": 0.09344055503606796,
    "pred_std": 0.13904353976249695,
    "pred_range": 0.740990936756134,
    "n_positive_preds": 11,
    "n_samples": 422,
    "class_balance": 0.18009479343891144,
    "positive_rate": 0.18009478672985782
  },
  "timestamp": "2026-02-08T09:23:53.675393"
}