{
  "exp_id": "LF-69",
  "priority": "LF-P11",
  "description": "a100 FE-06 + CalibratedFocal g=1.0",
  "tier": "a100",
  "num_features": 100,
  "d_embed": 32,
  "architecture": {
    "d_model": 128,
    "n_layers": 4,
    "n_heads": 8,
    "d_ff": 512,
    "context_length": 80,
    "patch_length": 16,
    "stride": 8
  },
  "hyperparameters": {
    "dropout": 0.5,
    "learning_rate": 0.0001,
    "batch_size": 128,
    "epochs": 50,
    "use_revin": true
  },
  "loss_function": {
    "loss_fn": "calibratedfocal",
    "loss_params": {
      "gamma": 1.0,
      "alpha": 0.25,
      "lambda_cal": 0.1
    },
    "early_stopping_metric": "val_loss"
  },
  "parameters": {
    "estimated": 865889,
    "actual": 866259
  },
  "splits": {
    "train": 7204,
    "val": 422,
    "test": 156
  },
  "training": {
    "train_loss": 0.09303154613365207,
    "val_loss": 0.08472293708473444,
    "val_auc": 0.7238363249163371,
    "stopped_early": false,
    "training_time_min": 0.5254689653714498
  },
  "val_metrics": {
    "precision": 0.0,
    "recall": 0.0,
    "auc": 0.7238363249163371,
    "accuracy": 0.8199052132701422,
    "f1": 0.0,
    "pred_min": 0.026933303102850914,
    "pred_max": 0.3779348134994507,
    "pred_mean": 0.10247785598039627,
    "pred_std": 0.06605318933725357,
    "pred_range": 0.351001501083374,
    "n_positive_preds": 0,
    "n_samples": 422,
    "class_balance": 0.18009479343891144,
    "positive_rate": 0.18009478672985782
  },
  "timestamp": "2026-02-07T22:22:05.847609"
}