{
  "exp_id": "FE-89",
  "priority": "P12",
  "description": "Apply FE-50 config to a200",
  "tier": "a200",
  "num_features": 206,
  "d_embed": 16,
  "architecture": {
    "d_model": 64,
    "n_layers": 4,
    "n_heads": 4,
    "d_ff": 256,
    "context_length": 80,
    "patch_length": 16,
    "stride": 8
  },
  "hyperparameters": {
    "dropout": 0.5,
    "learning_rate": 0.0001,
    "batch_size": 128,
    "epochs": 50,
    "use_revin": true
  },
  "loss_function": {
    "loss_fn": null,
    "loss_params": null,
    "early_stopping_metric": "val_auc"
  },
  "parameters": {
    "estimated": 221649,
    "actual": 222151
  },
  "splits": {
    "train": 7159,
    "val": 422,
    "test": 156
  },
  "training": {
    "train_loss": 0.4827997439673969,
    "val_loss": 0.45318054407835007,
    "val_auc": 0.7120094310921814,
    "stopped_early": false,
    "training_time_min": 0.5551998853683472
  },
  "val_metrics": {
    "precision": 0.4,
    "recall": 0.07894736842105263,
    "auc": 0.7120094310921814,
    "accuracy": 0.8127962085308057,
    "f1": 0.13186813186813187,
    "pred_min": 0.00658850371837616,
    "pred_max": 0.6218337416648865,
    "pred_mean": 0.10651358962059021,
    "pred_std": 0.14450983703136444,
    "pred_range": 0.6152452230453491,
    "n_positive_preds": 15,
    "n_samples": 422,
    "class_balance": 0.18009479343891144,
    "positive_rate": 0.18009478672985782
  },
  "timestamp": "2026-02-07T12:56:43.344188"
}