{
  "experiment_name": "2M_narrow_h4_threshold_05pct_HIGH",
  "task": "threshold_0.5pct",
  "threshold": 0.005,
  "target_type": "HIGH-based (correct)",
  "context_length": 80,
  "architecture": {
    "d_model": 64,
    "n_layers": 32,
    "n_heads": 4,
    "d_ff": 256,
    "dropout": 0.5,
    "use_revin": true,
    "estimated_params_M": 1.574208
  },
  "training": {
    "learning_rate": 0.0001,
    "batch_size": 64,
    "epochs_requested": 50,
    "epochs_completed": 50,
    "stopped_early": false
  },
  "class_balance": {
    "train_positive_pct": 50.55808185200497,
    "val_positive_pct": 45.26066350710901,
    "test_positive_pct": 45.30386740331492
  },
  "val_metrics": {
    "auc": 0.6133813830148909,
    "loss": 0.6697668348039899
  },
  "test_metrics": {
    "accuracy": 0.6574585635359116,
    "precision": 0.717391304347826,
    "recall": 0.4024390243902439,
    "f1": 0.515625,
    "auc_roc": 0.7091648189209165
  },
  "prediction_distribution": {
    "min": 0.2345110923051834,
    "max": 0.7406566739082336,
    "spread": 0.5061455965042114,
    "std": 0.10927869379520416
  },
  "splits": {
    "train_samples": 7257,
    "val_samples": 422,
    "test_samples": 181
  },
  "training_time_minutes": 5.525386782487233,
  "timestamp": "2026-01-21T16:03:17.257374"
}