{
  "experiment_name": "20M_wide_h2_threshold_05pct_HIGH",
  "task": "threshold_0.5pct",
  "threshold": 0.005,
  "target_type": "HIGH-based (correct)",
  "context_length": 80,
  "architecture": {
    "d_model": 512,
    "n_layers": 6,
    "n_heads": 2,
    "d_ff": 2048,
    "dropout": 0.5,
    "use_revin": true
  },
  "training": {
    "learning_rate": 0.0001,
    "batch_size": 32,
    "epochs_requested": 50,
    "epochs_completed": 50,
    "stopped_early": true
  },
  "class_balance": {
    "train_positive_pct": 50.55808185200497,
    "val_positive_pct": 45.26066350710901,
    "test_positive_pct": 45.30386740331492
  },
  "val_metrics": {
    "auc": 0.6017316017316017,
    "loss": 0.7116697558334896
  },
  "test_metrics": {
    "accuracy": 0.580110497237569,
    "precision": 0.5517241379310345,
    "recall": 0.3902439024390244,
    "f1": 0.45714285714285713,
    "auc_roc": 0.6302044838630204
  },
  "prediction_distribution": {
    "min": 0.11010567843914032,
    "max": 0.8888610005378723,
    "spread": 0.7787553071975708,
    "std": 0.1438218504190445
  },
  "splits": {
    "train_samples": 7257,
    "val_samples": 422,
    "test_samples": 181
  },
  "training_time_minutes": 2.3835976322491965,
  "timestamp": "2026-01-21T12:30:07.469771"
}