{
  "exp_id": "FE-05",
  "priority": "P1",
  "description": "a100 baseline (no embedding)",
  "tier": "a100",
  "num_features": 100,
  "d_embed": null,
  "architecture": {
    "d_model": 128,
    "n_layers": 4,
    "n_heads": 8,
    "d_ff": 512,
    "context_length": 80,
    "patch_length": 16,
    "stride": 8
  },
  "hyperparameters": {
    "dropout": 0.5,
    "learning_rate": 0.0001,
    "batch_size": 128,
    "epochs": 50,
    "use_revin": true
  },
  "parameters": {
    "estimated": 1001857,
    "actual": 1012307
  },
  "splits": {
    "train": 7204,
    "val": 422,
    "test": 156
  },
  "training": {
    "train_loss": 0.4497965135072407,
    "val_loss": 0.5289871767163277,
    "val_auc": 0.699650136902951,
    "stopped_early": true,
    "training_time_min": 0.3279796799023946
  },
  "val_metrics": {
    "precision": 0.4444444444444444,
    "recall": 0.10526315789473684,
    "auc": 0.699650136902951,
    "accuracy": 0.8151658767772512,
    "f1": 0.1702127659574468,
    "pred_min": 0.0019140579970553517,
    "pred_max": 0.8233498930931091,
    "pred_mean": 0.077980175614357,
    "pred_std": 0.14197301864624023,
    "pred_range": 0.821435809135437,
    "n_positive_preds": 18,
    "n_samples": 422,
    "class_balance": 0.18009479343891144,
    "positive_rate": 0.18009478672985782
  },
  "timestamp": "2026-02-07T00:16:09.670931"
}