{
  "experiment": "phase6a_2m_h1",
  "budget": "2M",
  "horizon": 1,
  "architecture": {
    "d_model": 64,
    "n_layers": 4,
    "n_heads": 4,
    "d_ff": 256
  },
  "hyperparameters": {
    "dropout": 0.5,
    "learning_rate": 0.0001,
    "context_length": 80,
    "batch_size": 128,
    "epochs": 50,
    "use_revin": true
  },
  "splits": {
    "train": 7257,
    "val": 422,
    "test": 181
  },
  "training": {
    "train_loss": 0.4968511017791012,
    "val_loss": 0.4250466823577881,
    "val_auc": 0.7064572558564041,
    "stopped_early": true,
    "training_time_min": 0.39181950092315676
  },
  "val_metrics": {
    "auc": 0.7064572558564041,
    "accuracy": 0.8175355450236966,
    "precision": 0.42857142857142855,
    "recall": 0.039473684210526314,
    "f1": 0.07228915662650602,
    "pred_min": 0.025474101305007935,
    "pred_max": 0.60909104347229,
    "pred_mean": 0.11074720323085785,
    "pred_std": 0.12268052250146866,
    "n_positive_preds": 7,
    "n_samples": 422,
    "class_balance": 0.18009479343891144
  },
  "timestamp": "2026-01-21T18:27:07.336137"
}