{
  "auc": 0.5826028986938595,
  "accuracy": 0.30278884462151395,
  "precision": 0.21247113163972287,
  "recall": 0.9108910891089109,
  "f1": 0.3445692883895131,
  "n_positive_preds": 433,
  "n_samples": 502,
  "class_balance": 0.20119521912350596,
  "pred_min": 0.24009263515472412,
  "pred_max": 0.8994033336639404,
  "pred_mean": 0.7436429858207703,
  "pred_std": 0.16444946825504303,
  "mse": 0.5785976397179805,
  "mae": 0.7427007539601507,
  "direction_accuracy": 0.5717131474103586,
  "context_length": 220,
  "model_type": "itransformer",
  "training_time_min": 2.2417576471964518,
  "best_params": {
    "hidden_size": 32,
    "learning_rate": 1e-05,
    "max_steps": 3000,
    "dropout": 0.4,
    "n_layers": 6,
    "n_heads": 4,
    "batch_size": 32,
    "focal_gamma": 0.5,
    "focal_alpha": 0.9
  },
  "baseline_comparison": {
    "baseline_auc": 0.718,
    "model_auc": 0.5826028986938595,
    "improvement_pct": -18.85753500085522,
    "meets_threshold": false,
    "beats_baseline": false
  },
  "timestamp": "2026-01-31T08:14:21.306860+00:00"
}