{
  "experiment": "s2_train_200m_h1_lr2e4",
  "phase": "6C",
  "stage": "S2",
  "track": "T3_train",
  "budget": "200M",
  "horizon": 1,
  "feature_tier": "a50",
  "num_features": 50,
  "architecture": {
    "d_model": 256,
    "n_layers": 8,
    "n_heads": 8,
    "d_ff": 1024
  },
  "train_change": "lr_2e-4",
  "hyperparameters": {
    "dropout": 0.5,
    "learning_rate": 0.0002,
    "context_length": 80,
    "batch_size": 128,
    "epochs": 50,
    "use_revin": true
  },
  "splits": {
    "train": 7204,
    "val": 422,
    "test": 156
  },
  "training": {
    "train_loss": 0.46393458885059025,
    "val_loss": 0.43395649641752243,
    "val_auc": 0.7031867964709463,
    "stopped_early": true,
    "training_time_min": 0.42523741722106934
  },
  "val_metrics": {
    "auc": 0.7031867964709463,
    "accuracy": 0.8175355450236966,
    "precision": 0.48,
    "recall": 0.15789473684210525,
    "f1": 0.2376237623762376,
    "pred_min": 0.003379575675353408,
    "pred_max": 0.9541749358177185,
    "pred_mean": 0.13286100327968597,
    "pred_std": 0.18170122802257538,
    "n_positive_preds": 25,
    "n_samples": 422,
    "class_balance": 0.18009479343891144
  },
  "baseline_auc": 0.699,
  "timestamp": "2026-01-24T17:04:19.099306"
}