{
  "experiment": "s2_train_20m_h1_drop03",
  "phase": "6C",
  "stage": "S2",
  "track": "T3_train",
  "budget": "20M",
  "horizon": 1,
  "feature_tier": "a50",
  "num_features": 50,
  "architecture": {
    "d_model": 128,
    "n_layers": 6,
    "n_heads": 8,
    "d_ff": 512
  },
  "train_change": "dropout_0.3",
  "hyperparameters": {
    "dropout": 0.3,
    "learning_rate": 0.0001,
    "context_length": 80,
    "batch_size": 128,
    "epochs": 50,
    "use_revin": true
  },
  "splits": {
    "train": 7204,
    "val": 422,
    "test": 156
  },
  "training": {
    "train_loss": 0.4717968540233478,
    "val_loss": 0.41034088656306267,
    "val_auc": 0.7168390629753575,
    "stopped_early": true,
    "training_time_min": 0.26758663256963094
  },
  "val_metrics": {
    "auc": 0.7168390629753575,
    "accuracy": 0.8104265402843602,
    "precision": 0.4230769230769231,
    "recall": 0.14473684210526316,
    "f1": 0.21568627450980393,
    "pred_min": 0.01006089523434639,
    "pred_max": 0.8232517838478088,
    "pred_mean": 0.13130418956279755,
    "pred_std": 0.16487275063991547,
    "n_positive_preds": 26,
    "n_samples": 422,
    "class_balance": 0.18009479343891144
  },
  "baseline_auc": 0.722,
  "timestamp": "2026-01-24T17:01:51.328170"
}