{
  "tier": "a50",
  "context_length": 70,
  "val_auc": 0.6653740625571611,
  "val_precision": 0.5714285714285714,
  "val_recall": 0.1038961038961039,
  "architecture": {
    "d_model": 128,
    "n_layers": 6,
    "n_heads": 8,
    "d_ff_ratio": 4,
    "dropout": 0.3,
    "learning_rate": 0.0001,
    "weight_decay": 0.0001
  },
  "batch_size": 64,
  "epochs": 50,
  "training_time_min": 0.6947755018870035,
  "train_samples": 7214,
  "val_samples": 432,
  "timestamp": "2026-01-31T16:05:48.135094"
}