{
  "experiment": "h1_d64_L32_h2_drop020",
  "horizon": 1,
  "architecture": {
    "d_model": 64,
    "n_layers": 32,
    "n_heads": 2,
    "d_ff": 256,
    "dropout": 0.2
  },
  "training": {
    "learning_rate": 0.001,
    "batch_size": 256,
    "epochs": 50
  },
  "results": {
    "train_loss": 0.38766154274344444,
    "val_loss": 0.3985961675643921,
    "stopped_early": false,
    "stop_reason": null
  },
  "runtime_seconds": 54.50274610519409,
  "timestamp": "2025-12-31T10:36:23.959940"
}