{
  "exp_id": "FE-10",
  "priority": "P3",
  "description": "a500 with d_embed=256 (light compression)",
  "tier": "a500",
  "num_features": 500,
  "d_embed": 256,
  "architecture": {
    "d_model": 128,
    "n_layers": 4,
    "n_heads": 8,
    "d_ff": 512,
    "context_length": 80,
    "patch_length": 16,
    "stride": 8
  },
  "hyperparameters": {
    "dropout": 0.5,
    "learning_rate": 0.0001,
    "batch_size": 128,
    "epochs": 50,
    "use_revin": true
  },
  "parameters": {
    "estimated": 1450113,
    "actual": 1452403
  },
  "splits": {
    "train": 7159,
    "val": 422,
    "test": 156
  },
  "training": {
    "train_loss": 0.32936639551605496,
    "val_loss": 0.8168071061372757,
    "val_auc": 0.6242013994523881,
    "stopped_early": true,
    "training_time_min": 0.43210990031560265
  },
  "val_metrics": {
    "precision": 0.3103448275862069,
    "recall": 0.11842105263157894,
    "auc": 0.6242013994523881,
    "accuracy": 0.7938388625592417,
    "f1": 0.17142857142857143,
    "pred_min": 2.1015777747379616e-05,
    "pred_max": 0.9840616583824158,
    "pred_mean": 0.085813008248806,
    "pred_std": 0.20294156670570374,
    "pred_range": 0.9840406179428101,
    "n_positive_preds": 29,
    "n_samples": 422,
    "class_balance": 0.18009479343891144,
    "positive_rate": 0.18009478672985782
  },
  "timestamp": "2026-02-07T00:48:42.277934"
}