{
  "exp_id": "FE-68",
  "priority": "P10",
  "description": "a20 baseline (no embedding)",
  "tier": "a20",
  "num_features": 20,
  "d_embed": null,
  "architecture": {
    "d_model": 128,
    "n_layers": 4,
    "n_heads": 8,
    "d_ff": 512,
    "context_length": 80,
    "patch_length": 16,
    "stride": 8
  },
  "hyperparameters": {
    "dropout": 0.5,
    "learning_rate": 0.0001,
    "batch_size": 128,
    "epochs": 50,
    "use_revin": true
  },
  "loss_function": {
    "loss_fn": null,
    "loss_params": null,
    "early_stopping_metric": "val_auc"
  },
  "parameters": {
    "estimated": 838017,
    "actual": 848307
  },
  "splits": {
    "train": 7257,
    "val": 422,
    "test": 181
  },
  "training": {
    "train_loss": 0.4856708034088737,
    "val_loss": 0.4489022083580494,
    "val_auc": 0.7235701247337998,
    "stopped_early": false,
    "training_time_min": 0.45421514511108396
  },
  "val_metrics": {
    "precision": 0.5,
    "recall": 0.05263157894736842,
    "auc": 0.7235701247337998,
    "accuracy": 0.8199052132701422,
    "f1": 0.09523809523809523,
    "pred_min": 0.009126538410782814,
    "pred_max": 0.6003663539886475,
    "pred_mean": 0.08466953784227371,
    "pred_std": 0.1149325892329216,
    "pred_range": 0.5912398099899292,
    "n_positive_preds": 8,
    "n_samples": 422,
    "class_balance": 0.18009479343891144,
    "positive_rate": 0.18009478672985782
  },
  "timestamp": "2026-02-07T12:01:27.602646"
}