{
  "tier": "a50",
  "total": 24,
  "completed": 24,
  "failed": 0,
  "best_gamma": 2.0,
  "best_alpha": 0.9,
  "best_auc": 0.7384773349558869,
  "best_precision_gamma": 1.0,
  "best_precision_alpha": 0.5,
  "best_precision_value": 0.48484848484848486,
  "best_recall_gamma": 2.0,
  "best_recall_alpha": 0.9,
  "best_recall_value": 0.881578947368421,
  "timestamp": "2026-01-29T10:45:25.276750"
}