{
  "experiment": "s1_02_20m_h1",
  "phase": "6C",
  "stage": "S1",
  "budget": "20M",
  "horizon": 1,
  "feature_tier": "a100",
  "num_features": 100,
  "architecture": {
    "d_model": 128,
    "n_layers": 6,
    "n_heads": 8,
    "d_ff": 512
  },
  "hyperparameters": {
    "dropout": 0.5,
    "learning_rate": 0.0001,
    "context_length": 80,
    "batch_size": 64,
    "epochs": 50,
    "use_revin": true
  },
  "splits": {
    "train": 7204,
    "val": 422,
    "test": 156
  },
  "training": {
    "train_loss": 0.45991414679890186,
    "val_loss": 0.4865211865731648,
    "val_auc": 0.7011712808031639,
    "stopped_early": true,
    "training_time_min": 0.6313121159871419
  },
  "val_metrics": {
    "auc": 0.7011712808031639,
    "accuracy": 0.8080568720379147,
    "precision": 0.4,
    "recall": 0.13157894736842105,
    "f1": 0.19801980198019803,
    "pred_min": 0.0033994363620877266,
    "pred_max": 0.8787548542022705,
    "pred_mean": 0.12146380543708801,
    "pred_std": 0.1793900430202484,
    "n_positive_preds": 25,
    "n_samples": 422,
    "class_balance": 0.18009479343891144
  },
  "timestamp": "2026-01-25T16:13:49.180827"
}