{
  "exp_id": "FE-87",
  "priority": "P12",
  "description": "FE-50 but more compression: d_embed=8",
  "tier": "a500",
  "num_features": 500,
  "d_embed": 8,
  "architecture": {
    "d_model": 64,
    "n_layers": 4,
    "n_heads": 4,
    "d_ff": 256,
    "context_length": 80,
    "patch_length": 16,
    "stride": 8
  },
  "hyperparameters": {
    "dropout": 0.5,
    "learning_rate": 0.0001,
    "batch_size": 128,
    "epochs": 50,
    "use_revin": true
  },
  "loss_function": {
    "loss_fn": null,
    "loss_params": null,
    "early_stopping_metric": "val_auc"
  },
  "parameters": {
    "estimated": 214137,
    "actual": 215187
  },
  "splits": {
    "train": 7159,
    "val": 422,
    "test": 156
  },
  "training": {
    "train_loss": 0.4761056437024048,
    "val_loss": 0.48457060009241104,
    "val_auc": 0.6936796470946152,
    "stopped_early": false,
    "training_time_min": 0.99860680103302
  },
  "val_metrics": {
    "precision": 0.3225806451612903,
    "recall": 0.13157894736842105,
    "auc": 0.6936796470946152,
    "accuracy": 0.7938388625592417,
    "f1": 0.18691588785046728,
    "pred_min": 0.006814992520958185,
    "pred_max": 0.689415454864502,
    "pred_mean": 0.11617454141378403,
    "pred_std": 0.16891127824783325,
    "pred_range": 0.6826004385948181,
    "n_positive_preds": 31,
    "n_samples": 422,
    "class_balance": 0.18009479343891144,
    "positive_rate": 0.18009478672985782
  },
  "timestamp": "2026-02-07T12:54:51.529220"
}