{
  "experiment": "s2_arch_200m_h1_balanced",
  "phase": "6C",
  "stage": "S2",
  "track": "T2_arch",
  "budget": "200M",
  "horizon": 1,
  "feature_tier": "a50",
  "num_features": 50,
  "architecture": {
    "d_model": 320,
    "n_layers": 6,
    "n_heads": 8,
    "d_ff": 1280
  },
  "arch_change": "balanced",
  "hyperparameters": {
    "dropout": 0.5,
    "learning_rate": 0.0001,
    "context_length": 80,
    "batch_size": 128,
    "epochs": 50,
    "use_revin": true
  },
  "splits": {
    "train": 7204,
    "val": 422,
    "test": 156
  },
  "training": {
    "train_loss": 0.47624517585101883,
    "val_loss": 0.4301665388047695,
    "val_auc": 0.7142531183449955,
    "stopped_early": true,
    "training_time_min": 0.4177043676376343
  },
  "val_metrics": {
    "auc": 0.7142531183449955,
    "accuracy": 0.8104265402843602,
    "precision": 0.4166666666666667,
    "recall": 0.13157894736842105,
    "f1": 0.2,
    "pred_min": 0.004909038078039885,
    "pred_max": 0.9314279556274414,
    "pred_mean": 0.11832314729690552,
    "pred_std": 0.17126791179180145,
    "n_positive_preds": 24,
    "n_samples": 422,
    "class_balance": 0.18009479343891144
  },
  "baseline_auc": 0.699,
  "timestamp": "2026-01-24T17:01:32.915624"
}