{
  "exp_id": "FE-40",
  "priority": "P6",
  "description": "a200 d_embed=8 (extreme compress)",
  "tier": "a200",
  "num_features": 206,
  "d_embed": 8,
  "architecture": {
    "d_model": 128,
    "n_layers": 4,
    "n_heads": 8,
    "d_ff": 512,
    "context_length": 80,
    "patch_length": 16,
    "stride": 8
  },
  "hyperparameters": {
    "dropout": 0.5,
    "learning_rate": 0.0001,
    "batch_size": 128,
    "epochs": 50,
    "use_revin": true
  },
  "parameters": {
    "estimated": 815113,
    "actual": 815575
  },
  "splits": {
    "train": 7159,
    "val": 422,
    "test": 156
  },
  "training": {
    "train_loss": 0.49929093729172436,
    "val_loss": 0.45177529752254486,
    "val_auc": 0.6885838150289019,
    "stopped_early": true,
    "training_time_min": 0.4902037143707275
  },
  "val_metrics": {
    "precision": 0.47368421052631576,
    "recall": 0.11842105263157894,
    "auc": 0.6885838150289019,
    "accuracy": 0.8175355450236966,
    "f1": 0.18947368421052632,
    "pred_min": 0.012057403102517128,
    "pred_max": 0.6729920506477356,
    "pred_mean": 0.11941215395927429,
    "pred_std": 0.15024948120117188,
    "pred_range": 0.6609346270561218,
    "n_positive_preds": 19,
    "n_samples": 422,
    "class_balance": 0.18009479343891144,
    "positive_rate": 0.18009478672985782
  },
  "timestamp": "2026-02-07T10:07:09.315691"
}